id,Name,Artists,started,Address,Notes,Commisioned,District,images,location
m0001,,"HOXXOH ] , [ BRIAN LACEY",9/21/2017,"22298 West 7 Mile Road, Detroit, MI",,,1,https://www.dropbox.com/s/p0tnz0cjcs421mh/m0001.jpg?dl=0,
m0002,,unknown,1/21/2013,"8250 West McNichols Road, Detroit, MI",,,1,https://www.dropbox.com/s/4r2k1gln2999sxu/m0002.jpg?dl=0,
m0003,,OUIZI,9/21/2017,"18901 Grand River Avenue, Detroit, MI",,,1,https://www.dropbox.com/s/dpri4a2w2vc0g3p/m0003.jpg?dl=0,
m0004,,"SHEEFY MCFLY ] , [ PHIL SIMPSON",9/21/2017,"19655 Grand River Ave, Detroit, MI",,,1,https://www.dropbox.com/s/f0qb0adnd1ob1ei/m0004.jpg?dl=0,
m0005,,SUMMER IN THE CITY,9/21/2017,"16857 Stahelin Ave, Detroit, MI",,,1,https://www.dropbox.com/s/ga7zw0rjgjn1m0b/m0005.jpg?dl=0,
m0006,,SUMMER IN THE CITY,9/21/2017,"16859 STAHELIN AVE, DETROIT, MI",,,1,https://www.dropbox.com/s/bfpmkk93fqr6wqk/m0006.jpg?dl=0,
m0007,,ELTON DURAN,9/21/2017,"19120 Grand River Ave, Detroit, MI",,,1,https://www.dropbox.com/s/2votgyf50eol2xi/m0007.jpg?dl=0,
m0008,,RACHEL WALKER,8/22/2017,"18551 Grand River Ave, Detroit, MI",,,1,https://www.dropbox.com/s/hwxx1t74r8bvsk3/m0008.jpg?dl=0,
m0009,,ELTON DURAN,9/21/2017,"19614 Grand River Ave, Detroit, MI",,,1,https://www.dropbox.com/s/zblj4sb90uwx59k/m0009.jpg?dl=0,
m0010,,unknown,1/21/2013,"19800 Grand River Avenue, Detroit, MI",,,1,https://www.dropbox.com/s/r84twfy4w7tu0xf/m0010.jpg?dl=0,
m0011,,"GR] , [MONT ROSEDALE YOUTH",1/21/2013,"15303 Plainview Ave, Detroit, MI",,,1,https://www.dropbox.com/s/dbearswj9qb0xw4/m0011.jpg?dl=0,
m0012,,unknown,1/21/2013,"15000 Southfield Freeway, Detroit, MI",,,1,https://www.dropbox.com/s/td0b0jriw4hzo61/m0012.jpg?dl=0,
m0013,,SYDNEY G. JAMES,9/21/2017,"18986 Schaefer Highway, Detroit, MI",,,2,https://www.dropbox.com/s/8f52hvrxrm8dwg6/m0013.jpg?dl=0,
m0014,,CURTIS LEWIS,7/21/2000,"10010 W Seven Mile Rd, Detroit, MI",,,1,https://www.dropbox.com/s/6uxsytsjlh4lte0/m0014.jpg?dl=0,
m0015,,JESSE KASSEL,9/21/2017,"18663 Livernois Ave, Detroit, MI","PAINTED BY: Marlobro, Leah Rutt, , Volunteers",,1,https://www.dropbox.com/s/izyd0162un9u4o1/m0015.jpg?dl=0,
m0016,,JESSE KASSEL,9/1/2017,"18663 LIVERNOIS AVE, DETROIT, MI","Painted by Marlobro, Leah Rutt, , Volunteers",,1,https://www.dropbox.com/s/ondonxqv1cst5kw/m0016.jpg?dl=0,
m0017,,JESSICA KRCMARIK,9/22/2017,"18551 Grand River Ave, Detroit, MI",,,1,https://www.dropbox.com/s/6bp3ujf44swq96p/m0017.jpg?dl=0,
m0018,,HUBERT MASSEY,9/22/2017,"14801 Westwood Street, Detroit, MI",,,1,https://www.dropbox.com/s/rl5qvibxr69sp9q/m0018.jpg?dl=0,
m0026,,WC BEVAN,10/27/2017,"3363 Michigan Ave, Detroit, MI",,,6,https://www.dropbox.com/s/z9qlx4bjkvogvdh/m0026.jpg?dl=0,
m0027,,unknown,11/22/2017,"2917 Gratiot, Detroit, MI",,,5,https://www.dropbox.com/s/zxw2cwls2um3v9w/m0027.jpg?dl=0,
m0028,,PAT PERRY,9/22/2017,"2939 Gratiot, Detroit, MI",,,,https://www.dropbox.com/s/idzut0l492ttwf1/m0028.jpg?dl=0,
m0029,BLACK LIVES MATTER,RENDA WRITER,4/22/2017,"66 East Forest Ave, Detroit, MI",,,,https://www.dropbox.com/s/ggnmg5rnard482d/m0029.jpg?dl=0,
m0030,,unknown,8/22/2013,"2003 Brooklyn Street, Detroit, MI",,,,https://www.dropbox.com/s/ja8sonxpu8ssulc/m0030.jpg?dl=0,
m0032,,HENSE,10/22/2014,"1555 Broadway Ave., Detroit, MI",,,,https://www.dropbox.com/s/a8wdz751wrdrpf9/m0032.jpg?dl=0,
m0033,,"WYL] , [",10/13/1997,"10 Witherell Street, Detroit,MI",,,,https://www.dropbox.com/s/kpey73iu6emh204/m0033.jpg?dl=0,
m0034,,SUMMER IN THE CITY,9/22/2016,"350 Madison Street, Detroit, MI",behind the building,,,https://www.dropbox.com/s/tsudq3w0fu8hl8u/m0034.jpg?dl=0,
m0036,,"CARL OXLEY III ] , [ MARK SENGBUSCH",7/22/2007,"3445 Joseph Campau Ave
Detroit, MI 48207",Painted by Summer in the City,,,https://www.dropbox.com/s/1e9xu4owq8hw7k4/m0036.jpg?dl=0,
m0037,,SINTEX,1/22/2013,"8100 Grand River, Detroit, MI",,,,https://www.dropbox.com/s/6to5gi2w4x46ctt/m0037.jpg?dl=0,
m0038,,SAM PHILLIPS,1/22/2013,"6541 Gratiot, Detroit, MI",,,4,https://www.dropbox.com/s/fzo7ewlyveyf3yv/m0038.jpg?dl=0,
m0039,,"JONNY ALEX] , [ER",12/22/2017,"12355 Gratiot Ave, Detroit, MI",,,,https://www.dropbox.com/s/pxg36yapy9wjaiu/m0039.jpg?dl=0,
m0040,,"PHIL SIMPSON ] , [ TONY RAVE",9/22/2017,"13560 East McNichols Road, Detroit, MI",,,4,https://www.dropbox.com/s/vxhsoxnb750po8v/m0040.jpg?dl=0,
m0041,,CARL NEILBOCK,1/22/2013,"2264 Wilkins Street, Detroit, MI",,,,https://www.dropbox.com/s/i0m4fduu4v6a7ws/m0041.jpg?dl=0,
m0042,,CURTIS LEWIS,10/22/1985,"9980 Gratiot Avenue, Detroit, MI",,,,https://www.dropbox.com/s/ew3oapijfyjnia3/m0042.jpg?dl=0,
m0043,,unknown,7/22/2017,"5931 Michigan Ave, Detroit, MI",,,,https://www.dropbox.com/s/vxmeki819j9n8vb/m0043.jpg?dl=0,
m0044,,"SEAN LUGO ] , [ SAVAGE HABIT",7/22/2017,"3434 Russell Street, Detroit, MI",,,,https://www.dropbox.com/s/9i303ihugtuyg6x/m0044.jpg?dl=0,
m0045,,HUSH,9/22/2014,"154 E Grand Ave, Detroit, MI",located in the Belt,,,https://www.dropbox.com/s/ek5si3azs726qdx/m0045.jpg?dl=0,"-83.046451, 42.334557"
m0047,,WC BEVAN,1/22/2013,"Dequindre Cut Greenway, Detroit, MI 48207",,,,https://www.dropbox.com/s/a53buz6onlt19bs/m0047.jpg?dl=0,"-83.033528, 42.343990"
m0048,,FREDDY DIAZ,9/22/2017,"3437 Livernois, Detroit, MI",,,6,https://www.dropbox.com/s/snx1sfncnqn3hg9/m0048.jpg?dl=0,
m0049,,unknown,9/22/2017,"6301 Otis St, Detroit, MI",,,6,https://www.dropbox.com/s/0xmvw97tnapxgig/m0049.jpg?dl=0,
m0050,,unknown,9/22/2017,"3439 Livernois, Detroit, MI",,,6,https://www.dropbox.com/s/5nf2zowsqd66et7/m0050.jpg?dl=0,
m0051,,"DASIC FERN] , [EZ",9/22/2017,"3432 Livernois, Detroit, MI",,,6,https://www.dropbox.com/s/okv727pomoxatkj/m0051.jpg?dl=0,
m0052,,unknown,7/22/2017,"2434 20th Street, Detroit, MI",,,,https://www.dropbox.com/s/829sqm73dthpc9m/m0052.jpg?dl=0,
m0053,,OUIZI,12/1/2014,"8098 Agnes Street, Detroit, MI",,,,https://www.dropbox.com/s/cdieba7axtixlpj/m0053.jpg?dl=0,
m0054,,"FFTY] , [ LAHIZA] , [ ] , [ ZAK MEERS",1/22/2013,"2200 17th Street, Detroit, MI",,,,https://www.dropbox.com/s/00ck8mlnd01jko1/m0054.jpg?dl=0,
m0055,,KYLE DANLEY,10/22/2014,"1600 Clay St, Detroit, MI 48211",,,,https://www.dropbox.com/s/ibkymu2wn4jwg4o/m0055.jpg?dl=0,
m0056,,DETROITLIVES!,9/22/2010,"6499 Brush Street, Detroit, MI",,,,https://www.dropbox.com/s/jolkhr688jbxorj/m0056.jpg?dl=0,
m0057,,"MICHAEL BURDICK ] , [ JAMES NOELLERT",9/22/2015,"5800 Cass Avenue, Detroit, MI",PAINTED BY JORDAN ZIELKE AND KELLY GOLDEN,,,https://www.dropbox.com/s/81qhcm9upmy1kwa/m0057.jpg?dl=0,
m0058,,"ELLEN RUTT] , [ OUIZI ] , [ JONNY ALEX] , [ER",10/22/2016,"4500 Van Dyke, Detroit, MI",,,,https://www.dropbox.com/s/xpr8y6ev27rq7d3/m0058.jpg?dl=0,
m0059,,KOBIE SOLOMON,10/22/2010,"1600 Clay Avenue, Detroit, MI",,,,https://www.dropbox.com/s/yi4r5r5w8boji37/m0059.jpg?dl=0,
m0060,,MALT,1/22/2013,"6398 Russell Street, Detroit, MI",,,,https://www.dropbox.com/s/jm9uarmiuq6x1fh/m0060.jpg?dl=0,
m0061,DETROIT IS A BLACK WOMAN,NDUBISI OKOYE,9/22/2017,"7115 West 8 Mile Road, Detroit, MI",,,2,https://www.dropbox.com/s/4ghx6ordrw5q4mx/m0061.jpg?dl=0,
m0062,,"RSK] , [ THE YOK] , [ SHERYO] , [ ] , [ PHYBR",9/22/2014,"1201 Trombly, Detroit, MI",,,,https://www.dropbox.com/s/qraqis398zk85qe/m0062.jpg?dl=0,
m0063,,OUIZI,9/22/2017,"1200 Piquette Ave, Detroit, MI",,,5,https://www.dropbox.com/s/ul0kpcrl59eoyor/m0063.jpg?dl=0,
m0064,,MEGGS,9/22/2014,"6314 Russel Street, Detroit, MI",,,,https://www.dropbox.com/s/28odcbm68km9lp8/m0064.jpg?dl=0,
m0065,,unknown,1/22/2013,"2515 Michigan Avenue, Detroit, MI",,,,https://www.dropbox.com/s/ea8ykpyb3xfiql4/m0065.jpg?dl=0,
m0066,,"OUIZI ] , [ WC BEVAN",10/22/2014,"2556 Michigan Avenue, Detroit, MI",,,,https://www.dropbox.com/s/x9lwgz5dnoh7pai/m0066.jpg?dl=0,
m0066,,DETROITLIVES!,6/22/2011,"2830 Dubois Street, Detroit, MI",,,,,
m0067,,RYAN HERBERHOLZ,8/22/2014,"7432 Brush Street, Detroit, MI",,,,https://www.dropbox.com/s/i2fbv94bvtxbyat/m0067.jpg?dl=0,
m0068,,313INK,1/22/2013,"6402 Woodward, Detroit, MI",,,,https://www.dropbox.com/s/6jxe56c8q7p0wgg/m0068.jpg?dl=0,
m0069,,KATIE CRAIG,1/22/2013,"7332 Oakland, Detroit, MI",,,,https://www.dropbox.com/s/dgqfyticgvqp4nj/m0069.jpg?dl=0,
m0070,,SUMMER IN THE CITY,1/22/2013,"519 East Milwaukee, Detroit, MI",,,,https://www.dropbox.com/s/5n2h6y04cw67iw7/m0070.jpg?dl=0,
m0071,,WC BEVAN,9/22/2017,"6331 Third Street, Detroit, MI",,,5,https://www.dropbox.com/s/13cr44gm9nj43hi/m0071.jpg?dl=0,
m0072,,JOEY SALAMON,1/22/2013,"1801 Michigan Ave, Detroit, MI",,,,https://www.dropbox.com/s/t87qik4p55yo8gr/m0072.jpg?dl=0,
m0073,,BIRDO,1/22/2013,"1800 Michigan Ave, Detroit, MI",,,,https://www.dropbox.com/s/tchuxwkzib34bl6/m0073.jpg?dl=0,
m0074,,ZACH YARRINGTON,10/22/2016,"1842 Michigan Ave, Detroit, MI",,,,https://www.dropbox.com/s/cjg4zfpwf5b8u8k/m0074.jpg?dl=0,
m0075,,MICHAEL OLSZEWSKI,9/22/2017,"4757 Grand River Ave, Detroit, MI",,,6,https://www.dropbox.com/s/rhacg5msrsb63cl/m0075.jpg?dl=0,
m0076,,MICHAEL OLSZEWSKI,11/1/2017,"2200 W Hancock St, Detroit, MI",,,6,https://www.dropbox.com/s/2sh2bu30e916caj/m0076.jpg?dl=0,
m0077,,MICHAEL OLSZEWSKI,11/1/2017,"4765 14th St, Detroit, MI",,,6,https://www.dropbox.com/s/kwa5lhcr4yht6sn/m0077.jpg?dl=0,
m0078,,Michael Owen,9/30/2014,"4732 East Grand River, Detroit, MI",,,,https://www.dropbox.com/s/hpvwq0wbpeh1q3e/m0078.jpg?dl=0,
m0079,,BIRDO,9/22/2014,"4735 East Grand River, Detroit, MI",,,,https://www.dropbox.com/s/94e9w5nry5ci6e6/m0079.jpg?dl=0,
m0080,,"WC BEVAN] , [ BIRDCAP] , [ ] , [ NOSEY42",9/22/2016,"4120 Grand River Avenue, Detroit, MI",,,,https://www.dropbox.com/s/smhnrokfu1hzo9c/m0080.jpg?dl=0,
m0081,,unknown,9/22/2017,"Dequindre Cut, Detroit, MI",,,5,https://www.dropbox.com/s/ihxe66mq55vos3t/m0081.jpg?dl=0,"-83.029118, 42.337172"
m0082,,BIRDO,9/22/2014,"4265 Grand River Ave, Detroit, MI",,,,https://www.dropbox.com/s/83djjc8ed2tcf8j/m0082.jpg?dl=0,
m0083,,MALT,9/22/2014,"2000 Calumet Street, Detroit, MI",,,,https://www.dropbox.com/s/48wgmsrqd8xcmqg/m0083.jpg?dl=0,
m0084,,JERMAINE CLARK,9/22/2014,"4338 Grand River Avenue, Detroit, MI",,,,https://www.dropbox.com/s/mr9sshv5ippobey/m0084.jpg?dl=0,
m0085,,JERMAINE CLARK,9/22/2014,"4337 Grand River Avenue, Detroit, MI",,,,https://www.dropbox.com/s/ii7f66lxx2blqrs/m0085.jpg?dl=0,
m0086,WORLD PEACE,RENDA WRITER,10/22/2016,"4126 Grand River Avenue, Detroit, MI",,,,https://www.dropbox.com/s/hsycpewrt3drs8w/m0086.jpg?dl=0,
m0087,,"GHOST BEARD ] , [ PATCH WHISKY",9/22/2013,"1798 West Alexandrine Street, Detroit, MI",,,,https://www.dropbox.com/s/ej47s7gv147ygws/m0087.jpg?dl=0,
m0088,MARY ELLEN RIORDAN,NICOLE MACDONALD,12/23/2015,"3437 Cochrane, Detroit, MI",,,,https://www.dropbox.com/s/qlhj448symkjiwt/m0088.jpg?dl=0,
m0089,,KATIE CRAIG,9/22/2008,"2967 East Grand Boulevard, Detroit, MI",,,,https://www.dropbox.com/s/l6lcvgz3mvdl1x5/m0089.jpg?dl=0,
m0090,,MALT,11/17/2014,"4264 Woodward Ave, Detroit, MI 48201",,,,https://www.dropbox.com/s/zlfasdjzwiezdjw/m0090.jpg?dl=0,
m0091,,KOBIE SOLOMON,11/17/2014,"4265 Woodward Ave, Detroit, MI 48201",,,,https://www.dropbox.com/s/nz7gntuu7matqge/m0091.jpg?dl=0,
m0092,,FEL3000FT,11/17/2014,"4263 Woodward Ave, Detroit, MI 48201",,,,https://www.dropbox.com/s/8jfhpwg3jllpv8v/m0092.jpg?dl=0,
m0093,,unknown,4/22/2017,"2460 Cass Avenue, Detroit, MI",,,,https://www.dropbox.com/s/hva85yscncau36j/m0093.jpg?dl=0,
m0094,,unknown,7/22/2015,"4231 Third Street, Detroit, MI",,,,https://www.dropbox.com/s/wa0tl407qhox1il/m0094.jpg?dl=0,
m0095,,SWOON,8/22/2016,"14635 East Jefferson, Detroit, MI",,,,https://www.dropbox.com/s/5oda9vdz6bzmtrv/m0095.jpg?dl=0,
m0096,,"CARL OXLEY III] , [ MARK SENGBUSCH] , [ JOHN HICKS] , [ CHAD P. HUNT] , [ GREG FREDERICK] , [ DAVE DANIELSON",7/22/2005,"1001 Lakewood Street, Detroit, MI",Painted by Summer in the City,,4,https://www.dropbox.com/s/s6z8ftunfowu3iq/m0096.jpg?dl=0,
m0097,,"MONICA CANILAO] , [ PAT PERRY] , [ BEN WOLF] , [ NICK MANN] , [ ] , [ OUIZI",9/22/2015,"2099 Rivard Street, Detroit, MI",located In alley,,,"""https://www.dropbox.com/s/9lp8sg9angh077m/m0097.jpg?dl=0"", ""https://www.dropbox.com/s/vdq170fa142dr5s/m0097_2.jpg?dl=0"", ""https://www.dropbox.com/s/vkqwguxod718jd0/m0097_3.jpg?dl=0""",
m0098,,SUMMER IN THE CITY,8/22/2014,"124 Cadillac Square, Detroit, MI",,,,https://www.dropbox.com/s/ilugs9v6uuwt5bc/m0098.jpg?dl=0,
m0099,,unknown,9/1/2016,"5428 Michigan Ave, Detroit, MI",,,,https://www.dropbox.com/s/9l9u5zh5u23q4of/m0099.jpg?dl=0,
m0100,,OUIZI,9/1/2016,"5433 Michigan Ave, Detroit, MI",located in alley,,,https://www.dropbox.com/s/gu5a66xzqck4jmn/m0100.jpg?dl=0,
m0101,,"OUIZI ] , [ MICHELLE TANGUAY",9/22/2017,"1450 Wilkins St, Detroit, MI",,,5,https://www.dropbox.com/s/iznxwhw4lt7g541/m0101.jpg?dl=0,
m0102,,CHARLES MCGEE,7/22/2017,"28 West Grand River Ave, Detroit, MI",located in rear,,,https://www.dropbox.com/s/08vh5p855jgx5h6/m0102.png?dl=0,
m0103,,JEROME FERRETTI,10/22/2010,"1552 W. Fisher Service Drive, Detroit, MI",Monumental Kitty,,,https://www.dropbox.com/s/sqbneq881guciez/m0103.jpg?dl=0,
m0104,,DAVID SHILLINGLAW,11/22/2016,"2700 Vermont St, Detroit, MI",,,,https://www.dropbox.com/s/eszvi6rbd9fe0fs/m0104.jpg?dl=0,
m0105,,MARILYN RONDON,7/22/2017,"4114 Vernor Hwy, Detroit, MI",,,,https://www.dropbox.com/s/xslrix5t9tcskwc/m0105.jpg?dl=0,
m0106,,unknown,1/22/2013,"4116 West Vernor, Detroit, MI",,,,https://www.dropbox.com/s/sw3rfcpmbkbo0dk/m106.jpg?dl=0,
m0107,,JEN BOYAK,9/22/2011,"2800 Bagley Street, Detroit, MI",,,,https://www.dropbox.com/s/ne9xcgu73t39lmt/m0107.jpg?dl=0,
m0108,,NDUBISI OKOYE,7/22/2014,"2545 Bagley Ave, Detroit, MI",,,,https://www.dropbox.com/s/9dui33hechislqr/m0108.jpg?dl=0,
m0109,,HEBRU BRANTLEY,9/22/2016,"2419 Orleans Street, Detroit, MI",,,,,
m0110,,"NYCHOS ] , [ FLYING FORTRESS",9/22/2012,"2418 Orleans Street, Detroit, MI",,,,https://www.dropbox.com/s/hnj8mascsne83rf/m0110.jpg?dl=0,
m0111,,LUKE CHUEH,9/22/2015,"1516 Winder St, Detroit, MI",located In alley,,,https://www.dropbox.com/s/yzp9z3wqovl19o6/m0111.jpg?dl=0,
m0112,,RON ZAKRIN,9/1/2015,"1514 Winder St, Detroit, MI",Located In alley,,,https://www.dropbox.com/s/qiahd80p6cpb269/m0112.jpg?dl=0,
m0113,,2501,9/1/2015,"1550 Winder Street, Detroit, MI",,,,https://www.dropbox.com/s/pz2bspgvhpzertb/m0113.jpg?dl=0,
m0114,,FELIPE PANTONE,9/22/2016,"2478 Riopelle Street, Detroit, MI",,,,https://www.dropbox.com/s/owizs7kw8ij14zk/m0114.jpg?dl=0,
m0115,,"GHOST BEARD ] , [ PATCH WHISKY",9/22/2016,"1489 Winder Street, Detroit, MI",,,,https://www.dropbox.com/s/1uzmpg4bolnp9rd/m0115.jpg?dl=0,
m0116,,KASHINK,9/1/2015,"2515 Riopelle Street, Detroit, MI",,,,https://www.dropbox.com/s/eqr841qzaqd6yi3/m0116.jpg?dl=0,
m0118,,"NATUREL ] , [ RICK WILLIAMS",9/1/2015,"1563 Adelaide Street, Detroit, MI",,,,,
m0119,,JAMES BULLOUGH,9/22/2017,"2633 Orleans Street, Detroit, MI",,,5,https://www.dropbox.com/s/o8ytuj9xxavhh68/m0119.jpg?dl=0,
m0120,,OUIZI,9/22/2017,"2629 Orleans Street, Detroit, MI",,,5,https://www.dropbox.com/s/tnmiwdx5vm2rxjd/m0120.jpg?dl=0,
m0121,,"GHOST BEARD ] , [ PATCH WHISKY",9/22/2015,"1563 Adelaide Street, Detroit, MI",,,,https://www.dropbox.com/s/368lz72nmnempv0/m0121.jpg?dl=0,
m0122,,MARLOBRO,9/1/2015,"1565 Adelaide Street, Detroit, MI",,,,https://www.dropbox.com/s/b43hz0gutql5vcm/m0122.jpg?dl=0,
m0123,,JARUS,9/1/2015,"2157 Hendricks Street, Detroit, MI",,,,https://www.dropbox.com/s/ze67rd5un4nkand/m0123.jpg?dl=0,
m0124,,ZAK MEERS,9/1/2015,"2598 Dubois Street, Detroit, MI",,,,https://www.dropbox.com/s/rchp2ohhkh5sewc/M0124.jpg?dl=0,
m0127,CRIME FIGHTER,TRISTAN EATON,11/22/2014,"154 E Grand River Ave, Detroit, MI 48226",located in the Belt,,,https://www.dropbox.com/s/oax0ouxn4efyp0u/m0127.jpg?dl=0,"-83.046119, 42.334419"
m0128,PALLETS ON PIQUETTE,NICK JASKEY,11/22/2014,"154 E Grand River Ave, Detroit, MI 48226",located in the Belt,,,https://www.dropbox.com/s/t6xlfhozaj1qna9/m0128.jpg?dl=0,"-83.046918, 42.334742"
m0129,ROUND AND ROUND,CLEON PETERSON,11/22/2014,"154 E Grand River Ave, Detroit, MI 48226",located in the Belt,,,https://www.dropbox.com/s/b75rstsblxdkwl8/m0129.jpg?dl=0,"-83.046357, 42.334524"
m0130,,unknown,1/22/2013,"2663 Michigan Ave, Detroit, MI",,,,https://www.dropbox.com/s/lf9jxjgtg618eek/m0130.jpg?dl=0,
m0131,,unknown,9/22/2014,"4734 East Grand River, Detroit, MI",,,,https://www.dropbox.com/s/qwabqmr5dbdxq02/m0131.jpg?dl=0,
m0132,"GIRLS , SWEETS",MICHELLE TANGUAY,1/22/2015,"301 Michigan Ave, Detroit, MI",,,,https://www.dropbox.com/s/i32rxi4xcp1awgv/m0132.jpg?dl=0,
m0133,,NINA CHANEL ABNEY,10/22/2016,"The Belt, Detroit, MI",,"Bedrock , Library Street Collective",,https://www.dropbox.com/s/rztz1xwmoz9hzc2/m0133.jpg?dl=0,"-83.046148, 42.334432"
m0134,,VHILS,11/22/2014,"154 E Grand River Ave, Detroit, MI 48226",located in the Belt,,,https://www.dropbox.com/s/th3hroa959rmqgg/m0134.jpg?dl=0,"-83.047124, 42.334845"
m0135,,"ELLEN RUTT ] , [ PATRICK ETHEN",9/22/2016,"579 Monroe Street, Detroit, MI",,,,https://www.dropbox.com/s/og4uxt8im95xfum/m0135.jpg?dl=0,
m0136,,KATIE YAMASAKI,9/22/2013,"9402 Felch St, Detroit, MI",(in parking lot),,4,https://www.dropbox.com/s/cv8regzd7s9qxzk/m0136.jpg?dl=0,
m0137,,OLAYAMI DABLS,9/1/2016,"1950 Wilkins Street, Detroit, MI",,,,https://www.dropbox.com/s/22lq9lqirld2r1b/m0137.jpg?dl=0,
m0138,,"SHAINA KASZTELAN ] , [ HEIDI BARLOW",9/22/2016,"1353 Division Street, Detroit, MI",,,,https://www.dropbox.com/s/mk34cguo8yf2p96/m0138.jpg?dl=0,
m0139,,SHEEFY MCFLY,9/1/2016,"2719 Russell Street, Detroit, MI",,,,https://www.dropbox.com/s/qronr2aaqqi5e2d/m0139.jpg?dl=0,
m0140,,CLIFTON PERRY,9/1/2016,"1500 Alfred Street, Detroit, MI",,,,https://www.dropbox.com/s/92pjb8yyyudmr4e/m0140.jpg?dl=0,
m0141,,FEL3000FT,1/22/2013,"Dequindre Cut Greenway, Detroit, MI 48207",,,,https://www.dropbox.com/s/g2jsqwtms7chkbr/m0141.jpg?dl=0,"-83.033528, 42.343990"
m0142,,unknown,1/22/2013,"Dequindre Cut Greenway, Detroit, MI 48207",,,,https://www.dropbox.com/s/uqszy9gkowvcob7/m0142.jpg?dl=0,"-83.033528, 42.343990"
m0144,,BEN SAGINAW,9/22/2016,"2741 Russell St, Detroit, MI",,,,https://www.dropbox.com/s/w57smp8hdfob1wy/m0144.jpg?dl=0,
m0145,,FEL3000FT,9/22/2015,"2613 Russell St, Detroit, MI",,,,https://www.dropbox.com/s/i9q8kwfpyh9vto1/m0145.jpg?dl=0,
m0146,,THE WEIRD,7/22/2015,"1356 Gratiot, Detroit, MI",,,,https://www.dropbox.com/s/pkh5w2wng696at7/m0146.jpg?dl=0,
m0147,,ANTHONY GROSS,9/18/2016,"1942 Alfred Street, Detroit, MI",,,,https://www.dropbox.com/s/d6s3cx3wqymblhp/m0147.jpg?dl=0,
m0148,,JOSEPH KONERT,9/22/2016,"2615 Russell St, Detroit, MI",alley to the right of the entrance,,,https://www.dropbox.com/s/03p5fwcil95gzyv/m0148.jpg?dl=0,
m0149,,CEY ADAMS,9/1/2016,"1550 E Fisher Service Dr, Detroit, MI",,,,https://www.dropbox.com/s/ggljdqrfefnalza/m0149.jpg?dl=0,
m0150,,RONE,9/1/2015,"1548 Gratiot Avenue, Detroit, MI",,,,https://www.dropbox.com/s/ejx9en86b3wlo5e/m0150.jpg?dl=0,
m0151,,SINTEX,8/22/2016,"2000 Division St, Detroit, MI",,,,https://www.dropbox.com/s/pehgn3hh2fiw08t/m0151.jpg?dl=0,
m0152,,SLICK,9/22/2016,"1528 Gratiot Ave, Detroit, MI 48207",,,,https://www.dropbox.com/s/c8l3skajaslh6me/m0152.jpg?dl=0,
m0153,,HUEMAN,9/1/2016,"2100 Rivard Street, Detroit, MI",in alley,,,https://www.dropbox.com/s/q2zzv8voocqjdoy/m0153.jpg?dl=0,
m0154,,APEXER,9/22/2016,"1544 Gratiot Ave, Detroit, MI",,,,https://www.dropbox.com/s/rnzb7e8q66hgn61/m0154.jpg?dl=0,
m0155,,"GHOST BEARD ] , [ PATCH WHISKY",9/1/2016,"1545 Gratiot Ave, Detroit, MI",,,,https://www.dropbox.com/s/b5viwe8lsq63smm/M0155.jpg?dl=0,
m0156,,SHARKTOOF,9/1/2015,"1906 Division Street, Detroit, MI",,,,https://www.dropbox.com/s/gwh0rvh3tiv0054/m0156.jpg?dl=0,
m0157,,"ASKEW ] , [ HANNAH STOUFFER",9/1/2015,"1825 Division Street, Detroit, MI",,,,https://www.dropbox.com/s/igxy1xi26bjzggp/m0157.jpg?dl=0,
m0158,,"YOK ] , [ SHERYO] , [ DAEK] , [ ] , [ FECKS",9/22/2015,"1936 Division Street, Detroit, MI",,,,https://www.dropbox.com/s/dcpalj6583nmcsb/m0158.jpg?dl=0,
m0159,TRIBUTE BOUQUET,OUIZI,9/1/2015,"1816 Division Street, Detroit, MI",,,,https://www.dropbox.com/s/t38pdloak2oysfh/m0159.jpg?dl=0,
m0160,,KASHINK,9/22/2015,"1948 Division Street, Detroit, MI",,,,https://www.dropbox.com/s/acxiuo6ko49ncuu/m0160.jpg?dl=0,
m0161,,TYLONN SAWYER,9/21/2016,"2640 Orleans St, Detroit, MI 48207",,,,https://www.dropbox.com/s/wyj2br7e3xvw1j6/m0161.jpg?dl=0,
m0162,,"MR. JAGO ] , [ XENX",9/19/2016,"1801 Division Street, Detroit, MI",,,,https://www.dropbox.com/s/gbzlyhpbt706dl1/m0162.jpg?dl=0,
m0163,,TONY RAVE,9/22/2016,"2639 Orleans St, Detroit, MI 48207","behind building on Division St,",,,https://www.dropbox.com/s/px7sugpbi74g5y2/m0163.jpg?dl=0,
m0164,The Cornfield,VITO VALDEZ,8/22/1998,"1716 St Anne St, Detroit, MI",,,,https://www.dropbox.com/s/rxh8gie4c1ka136/m0164.jpg?dl=0,
m0165,,VICTOR REYES,1/19/2013,"2201 Holbrook Ave, Hamtramck, MI 48212",,,,https://www.dropbox.com/s/phond1x5v2a7er9/m0165.jpg?dl=0,"-83.060492, 42.391303"
m0166,DEITY OF SOUTHWEST DETROIT,MARKA27,9/1/2015,"1312 Springwells, Detroit, MI",,,,https://www.dropbox.com/s/dloncgiw66suug0/m0166.jpg?dl=0,
m0167,CORKTOWN PHESANT,SUMMER IN THE CITY,7/22/2015,"2615 Rosa Parks Boulevard, Detroit, MI",,,,https://www.dropbox.com/s/us10epbx3p30ndb/m0167.jpg?dl=0,
m0168,,ANTHONY LEE,1/19/2013,"2930 E Grand Blvd, Detroit, MI",,,,"https://www.dropbox.com/s/kelwnuppywhkhtg/m0168.jpg?dl=0, https://www.dropbox.com/s/j0eh09f7kiwjsp2/m0168_2.jpg?dl=0, https://www.dropbox.com/s/n8yan2r2y9lq46y/m0168_3.jpg?dl=0, https://www.dropbox.com/s/vc8kpkhciik1co8/m0168_4.jpg?dl=0",
m0169,,HEBRU BRANTLEY,9/22/2015,"1349 Adelaide St, Detroit, MI",,,,https://www.dropbox.com/s/ilhxctttvonkidg/m0169.jpg?dl=0,
m0170,,SHADES,9/22/2016,"1548 E Fisher Service Dr, Detroit, MI",,,,https://www.dropbox.com/s/fmuvkdkt8bdb1ni/m0170.jpg?dl=0,
m0172,City Spirit,"MARTIN MORENO ] , [ GEORGE VARGAS",8/22/1979,"2700 Bagley Street, Detroit, MI",,,,https://www.dropbox.com/s/tqn4ytpnejn0zl6/m0172.jpg?dl=0,
m0173,,unknown,1/22/2013,"1716 23rd St, Detroit, MI",(rear parking lot),,,https://www.dropbox.com/s/bw5z896jj3gobbl/m0173.jpg?dl=0,
m0176,,FEL3000FT,5/15/2012,"5926 Lincoln St, Detroit, MI 48208",,,,https://www.dropbox.com/s/e75kphz8ylzcmm4/m0176.jpg?dl=0,
m0178,,MICHELLE TANGUAY,9/19/2015,"1564 Adelaide Street, Detroit, MI",,,,https://www.dropbox.com/s/9feha840vjb0a3v/m0178.jpg?dl=0,
m0179,,SYDNEY G. JAMES,9/22/2015,"1562 Adelaide Street, Detroit, MI",,,,https://www.dropbox.com/s/k6brhm2o4elfp27/m0179.jpg?dl=0,
m0180,,"MEGGS] , [ TAYLOR WHITE] , [ ] , [ LAUREN YS",9/22/2016,"1796 Jay St, Detroit, MI",,,,"https://www.dropbox.com/s/9mn8v163o31dfu0/m0180.jpg?dl=0, https://www.dropbox.com/s/gyr1mx4fgcb6js4/m0180_2.jpg?dl=0",
m0181,,ZAK MEERS,9/22/2016,"1501 Adelaide St, Detroit, MI",,,,https://www.dropbox.com/s/pdmvidboq6uy7zn/m0181.jpg?dl=0,
m0182,,ZAK MEERS,9/22/2016,"2600 Riopelle Street, Detroit, MI",,,,https://www.dropbox.com/s/uiunyw5838k5izo/m0182.jpg?dl=0,
m0183,,unknonwn,1/22/2013,"1561 Adelaide Street, Detroit, MI",,,,https://www.dropbox.com/s/6orfwbi1lwqi80r/m0183.jpg?dl=0,
m0184,,ZAK MEERS,9/22/2016,"1525 Adelaide Street, Detroit, MI",,,,https://www.dropbox.com/s/8qvffqd61fir8k7/m0184.jpg?dl=0,
m0185,,"CANNON DILL ] , [ BRETT FLANIGAN",1/21/2013,"1530 Winder Street, Detroit, MI",Painted in 2013,,,https://www.dropbox.com/s/rphmf6jx4owp74w/m0185.jpg?dl=0,
m0186,,SHARKTOOF,9/21/2017,"1500 Division Street, Detroit, MI",,,,https://www.dropbox.com/s/992zl39cgwdjle5/m0186.jpg?dl=0,
m0187,,"EUGENE CARL] , [",9/22/2015,"2712 Riopelle Street, Detroit, MI",,,,https://www.dropbox.com/s/ms57prlh69y2hx7/m0187.jpg?dl=0,
m0188,,MISS VAN,9/1/2015,"1501 Division Street, Detroit, MI",,,,,
m0189,,SINTEX,1/22/2013,"2701 Orleans Street, Detroit, MI",,,,https://www.dropbox.com/s/hep0c4qgj17qz10/m0189.jpg?dl=0,
m0190,,NIC NOTION,7/22/2017,"2348 Russell Street, Detroit, MI",,,,https://www.dropbox.com/s/9e1ytzjxtsiyact/m0190.jpg?dl=0,
m0191,,"WOES ] , [ LUKE CHUEH",9/1/2015,"1421 Gratiot Avenue, Detroit, MI",,,,https://www.dropbox.com/s/r9mrzvd4qjetz7k/m0191.jpg?dl=0,
m0192,,APEXER,9/22/2016,"2903 Saint Aubin Street, Detroit, MI",,,,https://www.dropbox.com/s/sniwhogl7vxxo3r/m0192.jpg?dl=0,
m0193,,unknown,1/22/2013,"Dequindre Cut Greenway, Detroit, MI 48207",,,,https://www.dropbox.com/s/r3khzcd90ejxfdr/m0193.jpg?dl=0,"-83.033528, 42.343990"
m0194,,HYGENIC DRESS LEAGUE,10/19/2014,"Dequindre Cut Greenway, Detroit, MI 48207",,,,https://www.dropbox.com/s/gywca7bo8h2ltyy/m0194.jpg?dl=0,"-83.032788, 42.342682"
m0195,,unknown,7/22/2014,"Dequindre Cut Greenway, Detroit, MI 48207",,,,https://www.dropbox.com/s/y07s1qoweuqsglt/m0195.jpg?dl=0,"-83.030344, 42.339459"
m0196,,"ELLEN RUTT ] , [ PATRICK ETHEN",9/22/2014,"dequindre Cut Greenway, Detroit, MI 48207",,,,https://www.dropbox.com/s/2ioccifd7vw8c5q/m0196.jpg?dl=0,"-83.032251, 42.341801"
m0197,,unknonwn,7/22/2014,"Dequindre Cut Greenway, Detroit, MI 48207",,,,https://www.dropbox.com/s/3h9kkx8qjv80m4a/m0197.jpg?dl=0,"-83.030001, 42.338943"
m0198,,FEL3000FT,7/22/2014,"Dequindre Cut Greenway, Detroit, MI 48207",,,,https://www.dropbox.com/s/6ezlz196uw5ms16/m0198.jpg?dl=0,"-83.030512, 42.338731"
m0199,,HYGENIC DRESS LEAGUE,9/22/2014,"Dequindre Cut Greenway, Detroit, MI 48207",,,,https://www.dropbox.com/s/qcu3z5ykppaool3/m0199.jpg?dl=0,"-83.032541, 42.342349"
m0200,,MIKE HAN (AKA ICON),7/18/2014,"Dequindre Cut Greenway, Detroit, MI 48207",,,,https://www.dropbox.com/s/q89mb37w6zbwc10/m0200.jpg?dl=0,"-83.030756, 42.340187"
m0201,,unknown,7/22/2014,"Dequindre Cut Greenway, Detroit, MI 48207",,,,https://www.dropbox.com/s/dor1loja2j67zm6/m0201.jpg?dl=0,"-83.032650, 42.342502"
m0202,,MIKE HAN (AKA ICON),8/22/2014,"Dequindre Cut Greenway, Detroit, MI 48207",,,,https://www.dropbox.com/s/9evi1jhe9i4qswb/m0202.jpg?dl=0,"-83.030148, 42.338732"
m0203,,OUIZI,10/22/2014,"Dequindre Cut Greenway, Detroit, MI 48207",,,,https://www.dropbox.com/s/bpawwgju4eqsf6d/m0203.jpg?dl=0,"-83.033303, 42.343371"
m0204,DA RACE,MITCHELL SCHORR,8/22/2014,"dequindre Cut Greenway, Detroit, MI 48207",,,,https://www.dropbox.com/s/zxmxl28ist2rtj9/m0204.jpg?dl=0,"-83.030460, 42.339176"
m0205,,ALANA HUBBELL,6/22/2015,"512 West Canfield Street, Detroit, MI",,,5,https://www.dropbox.com/s/0tdcn3bvcaetujc/m0205.jpg?dl=0,
m0207,,LAUREN YS,10/13/2016,"1798 Jay Street, Detroit, MI",,,,https://www.dropbox.com/s/i5ppo1i24m1255c/m0207.jpg?dl=0,
m0209,,unknown,1/19/2013,"1718 23rd Street, Detroit, MI",,,,"https://www.dropbox.com/s/6mpnjo2khu4gpam/m0209.jpg?dl=0, https://www.dropbox.com/s/c5qwr6sfol498e4/m0209_2.jpg?dl=0",
m0212,,"JONNY ALEX] , [ER",9/1/2015,"2614 Russell St, Detroit, MI",,,,https://www.dropbox.com/s/rtzpuqffd9iklv3/m0212.jpg?dl=0,
m0213,,"NOSEGO ] , [ WOES",9/1/2015,"2336 Russell Street, Detroit, MI",,,,https://www.dropbox.com/s/qadytmihzeftid4/m0213.jpg?dl=0,
m0214,,GREG MIKE,10/26/2016,"2899 Orleans Street, Detroit, MI",,,,https://www.dropbox.com/s/i0uz4wnnlwhux5j/m0214.jpg?dl=0,
m0215,,"ELLEN RUTT ] , [ JESSE KASSEL",9/22/2016,"2934 Russell St, Detroit, MI",located in parking lot,,,https://www.dropbox.com/s/fgxvf53n56a3qwb/m0215.jpg?dl=0,
m0218,,RASHAUN RUCKER,9/22/2017,"2200 Hunt St, Detroit, MI",,,5,https://www.dropbox.com/s/zmg2ikkaktoxghl/m0218.jpg?dl=0,
m0219,,CARL OXLEY III,5/22/2014,"1331 Holden St, Detroit, MI",,Recycle Here!,,https://www.dropbox.com/s/221ebgxmb3szjax/m0219.jpg?dl=0,
m0219,,JESSEE LEE JOHNS,1/19/2013,"6234 Russell St, Detroit, MI",,,,,
m0220,,unknown,6/22/2014,"1944 Calumet St, Detroit, MI",,,,https://www.dropbox.com/s/39rhde5ysaut3k4/m0220.jpg?dl=0,
m0221,,unknown,1/22/2013,"2227 Marquette Street, Detroit, MI",,,,https://www.dropbox.com/s/xalh58m354kqk3p/m0221.jpg?dl=0,
m0222,,TREETOP,7/27/2017,"2200 West Hancock Street, Detroit, MI",located in alley,,,https://www.dropbox.com/s/ynygcthtd8g6z96/m0222.jpg?dl=0,
m0224,"QUETZALCOATL SERPENT , JAGUAR",VITO VALDEZ,1/22/2013,"Dequindre Cut Greenway, Detroit, MI 48207",,,,https://www.dropbox.com/s/ck7lggztztjt02u/m0224.jpg?dl=0,"-83.130151, 42.291505"
m0225,JAZZ GREATS,NIVEK MONET,8/30/2017,"2740 Russell St, Detroit, MI",located in rear building,,,https://www.dropbox.com/s/rxorplftp89d9dt/m0225.jpg?dl=0,
m0226,,SYDNEY G. JAMES,9/22/2016,"2638 Orleans St, Detroit, MI 48207",,,,https://www.dropbox.com/s/jn5xehwr5tp3ap3/m0226.jpg?dl=0,
m0227,,SLICK,9/1/2016,"2002 Division St, Detroit, MI",,,,https://www.dropbox.com/s/qelo1rteeochs2n/m0227.jpg?dl=0,
m0228,,TAYLOR WHITE,9/1/2015,"2740 Orleans Street, Detroit",,,,https://www.dropbox.com/s/hdlyerk0bxyvwp4/m0228.jpg?dl=0,
m0229,,HYGENIC DRESS LEAGUE,10/22/2015,"1543 Gratiot Ave, Detroit, MI",,,,https://www.dropbox.com/s/n4iv9xomaapugrz/m0229.jpg?dl=0,
m0230,,CASE MACLAIM,9/22/2017,"2453 Riopelle St, Detroit, MI",,,5,https://www.dropbox.com/s/ezq1c9ksacbz76g/m0230.jpg?dl=0,
m0231,,"WOES ] , [ KEVIN LYONS",9/22/2017,"2151 Brewster St, Detroit, MI",,,5,https://www.dropbox.com/s/jylh5b1wcu40d53/m0231.jpg?dl=0,
m0232,,WC BEVAN,9/22/2017,"1530 Winder St, Detroit, MI",,,5,https://www.dropbox.com/s/96kukaaj9wyra0w/m0232.jpg?dl=0,
m0233,,MEGGS,9/22/2017,"1532 Winder St, Detroit, MI",,,5,https://www.dropbox.com/s/u8phgwro23qmqsd/m0233.jpg?dl=0,
m0234,,"FEL3000FT ] , [ MALT",9/22/2017,"2612 Russell St, Detroit, MI",,,5,https://www.dropbox.com/s/br6mtsf79onk73a/m0234.jpg?dl=0,
m0235,,MATTHEW HIGGS,11/1/2017,"4454 Woodward Ave, Detroit, MI",,,5,https://www.dropbox.com/s/3i8pbuoyljq74q6/m0235.jpg?dl=0,
m0236,,TONY WHLGN,9/22/2015,"312 East Baltimore Ave, Detroit MI",,,,https://www.dropbox.com/s/f6t4j83ln6qlmuy/m0236.jpg?dl=0,
m0253,,unknown,8/22/2017,"313 East Baltimore Ave, Detroit MI",,,,https://www.dropbox.com/s/5psk8dmo29ryfv8/m0253.jpg?dl=0,
m0254,,unknown,1/2/2013,"19101 Goulburn Ave, Detroit, MI 48205",,,3,https://www.dropbox.com/s/h555km91nlfuv52/m0254.jpg?dl=0,
m0255,,JEFF GRESS,9/26/2017,"2159 Gratiot Avenue, Detroit, MI",,,5,https://www.dropbox.com/s/v7m8xg3tbucitbq/m0255.jpg?dl=0,
m0256,,LAUREN NAPOLITANO,9/26/2017,"2245 Hunt St, Detroit, MI",located in parking lot,,5,https://www.dropbox.com/s/86hqyq85lpqa882/m0256.jpg?dl=0,
m0257,,BASK,9/26/2017,"1328 Division Street, Detroit, MI",,,5,https://www.dropbox.com/s/yjbx3zq991e8jet/M0257.jpg?dl=0,
m0258,,SHARKTOOF,9/26/2017,"2158 Gratiot Avenue, Detroit, MI",,,5,https://www.dropbox.com/s/pxbeddr5olxfjul/m0258.jpg?dl=0,
m0259,,"TAYLOR WHITE ] , [ DALEK",9/1/2016,"2626 St Aubin St, Detroit, MI",,,,https://www.dropbox.com/s/oihvqqu5gwp87or/m0259.jpg?dl=0,
m0260,,Alex Pollock,9/20/1972,"2469 E Fisher Service Dr, Detroit, MI",(Painted by Ed Lee. Restored in 2013 by Vito Valdez),,,https://www.dropbox.com/s/no41v5lnudwipzi/m0260.jpg?dl=0,
m0261,,DALEK,9/26/2016,"2625 St Aubin St, Detroit, MI",,,,https://www.dropbox.com/s/jknc9ecz9gqyl0k/m0261.jpg?dl=0,
m0262,,JEREMIAH BRITTON,9/26/2017,"2001 Division St, Detroit, MI",,,5,https://www.dropbox.com/s/930cvtm634h2m27/m0262.jpg?dl=0,
m0263,,LUNCH MONEY,9/26/2017,"2715 Saint Aubin Street, Detroit, MI",,,5,https://www.dropbox.com/s/sqdeodcpi7yh482/m0263.jpg?dl=0,
m0264,,BEAU STANTON,9/1/2015,"2126 Pierce St, Detroit, MI",,,,https://www.dropbox.com/s/he2nctwiq427io3/m0264.jpg?dl=0,
m0265,,CHRIS SAUNDERS,9/1/2016,"3500 Orleans St, Detroit, MI",,,,https://www.dropbox.com/s/28bscf5uyrvxt9q/m0265.jpg?dl=0,
m0266,,FFTY,9/26/2017,"3501 Orleans St, Detroit, MI",,,5,https://www.dropbox.com/s/ygl7irhmo6h6j07/m0266.jpg?dl=0,
m0267,,1010,9/1/2016,"3555 Orleans St, Detroit, MI",,,,https://www.dropbox.com/s/mj53lswiv9atpt6/m0267.jpg?dl=0,
m0268,,JESSE KASSEL,9/26/2017,"1820 Mack Ave, Detroit, MI",,,5,https://www.dropbox.com/s/mlvtc79rxoar7tb/m0268.jpg?dl=0,
m0269,,HOXXOH,9/26/2017,"1544 Mack Ave, Detroit, MI",,,5,https://www.dropbox.com/s/pxvbpev0597dv24/m0269.jpg?dl=0,
m0270,,"SYDNEY G. JAMES ] , [ ASKEW",9/26/2017,"1461 Erskine St, Detroit, MI",,,5,https://www.dropbox.com/s/ea9vgaiqw52hb7x/m0270.jpg?dl=0,
m0271,,"SHAINI KASZTELAN ] , [ HEIDI BARLOW",9/26/2017,"1809 Alfred St, Detroit, MI",,,5,https://www.dropbox.com/s/45n1wnqzabg1vpf/m0271.jpg?dl=0,
m0272,,ANTHONY LEE,9/26/2017,"1807 Alfred St, Detroit, MI",located in alley,,5,https://www.dropbox.com/s/zwz2ldxa4vgy9c4/m0272.jpg?dl=0,
m0273,,"HOXXOH ] , [ BRIAN LACEY",9/26/2017,"1811 Alfred St, Detroit, MI",,,5,https://www.dropbox.com/s/lwovfu4m74gfr8z/m0273.jpg?dl=0,
m0275,,CAMILO PARDO,9/26/2017,"1535 Alfred St, Detroit, MI",,,5,https://www.dropbox.com/s/dn533jpef7rohtf/m0275.jpg?dl=0,
m0276,,MARY IVERSON,9/26/2017,"1560 Alfred St, Detroit, MI",located in parking lot,,5,https://www.dropbox.com/s/1zhnibddpv9okyf/m0276.jpg?dl=0,
m0277,,"BMIKE ] , [ RICK WILLIAMS",9/26/2017,"1573 Adelaide St, Detroit, MI",,,5,https://www.dropbox.com/s/ei1my0om1a579es/m0277.jpg?dl=0,
m0278,,DENIAL,9/26/2017,"2719 Russell St, Detroit, MI 48207",,,5,https://www.dropbox.com/s/i88l63qnl5uzr02/m0278.jpg?dl=0,
m0279,,SHADES,9/26/2017,"2739 Russell St, Detroit, MI",located in rear building,,5,https://www.dropbox.com/s/ladm2lt060bwdpx/m0279.jpg?dl=0,
m0280,,TAVAR ZAWACKI,9/26/2017,"2611 Russell St, Detroit, MI",,,5,https://www.dropbox.com/s/jn01jnkkqwv3tfd/m0280.jpg?dl=0,
m0281,,JULIAN SPRADLIN,9/26/2017,"9131 Oakland Ave, Detroit, MI",,,5,https://www.dropbox.com/s/vsdsognjfx4tugp/m0281.jpg?dl=0,
m0282,,TYLONN SAWYER,9/26/2017,"8838 Third Ave, Detroit, MI",,,5,https://www.dropbox.com/s/goa77g7fhqaffov/m0282.jpg?dl=0,
m0283,,FFTY,9/26/2017,"18660 Bretton Drive, Detroit, MI",,,1,https://www.dropbox.com/s/bomru7krih7b0ea/m0283.jpg?dl=0,
m0284,,ARLIN GRAFF,9/26/2017,"1314 Gratiot Ave, Detroit, MI",,,5,https://www.dropbox.com/s/o4z6enppjf97k49/m0284.jpg?dl=0,
m0285,,TATIANA SUAREZ,9/26/2017,"2799 Orleans St, Detroit, MI",,,5,https://www.dropbox.com/s/e00dt1b3vpaex7q/m0285.jpg?dl=0,
m0286,,LAURA FINLAY,9/26/2017,"1562 Alfred St, Detroit, MI",,,5,https://www.dropbox.com/s/ofd6wsc61ms6olu/m0286.jpg?dl=0,
m0287,,MEGGS,10/1/2015,"2934 Russell Street, Detroit, MI",located in parking lot,,,https://www.dropbox.com/s/18lgd8mh17n8pjl/m0287.jpg?dl=0,
m0288,,"PERSUE ] , [ KWEST",9/26/2015,"2145 Hendricks St, Detroit, MI",,,,https://www.dropbox.com/s/w27fwy5dc4m2yr2/m0288.jpg?dl=0,
m0289,,KEVIN LYONS,9/1/2016,"2008 Gratiot Avenue, Detroit, MI",,,,https://www.dropbox.com/s/bbpukpi3zdrlr9t/m0289.jpg?dl=0,
m0290,,"JEFF SOTO ] , [ MAXX242",9/1/2015,"1487 Gratiot Ave, Detroit, MI",,,,https://www.dropbox.com/s/e7z8boteemm2o7r/m0290.jpg?dl=0,
m0291,,MARKA27,9/1/2016,"1485 Gratiot Ave, Detroit, MI",,,,https://www.dropbox.com/s/1h71gvvs9hfdrln/m0291.jpg?dl=0,
m0292,,PIXEL PANCHO,9/1/2016,"2105 Russell St, Detroit, MI",,,,https://www.dropbox.com/s/ewtucnm1swu84ys/m0292.jpg?dl=0,
m0293,,KIRSTIN FARR,9/1/2016,"2011 Russell St, Detroit, MI",,,,https://www.dropbox.com/s/j2soskep4jf5w1n/m0293.jpg?dl=0,
m0294,,RONE,10/1/2015,"1550 Gratiot Avenue, Detroit, MI",,,,https://www.dropbox.com/s/l7h4ho59il8nv6p/m0294.jpg?dl=0,
m0295,,APEXER,9/1/2016,"1841 Gratiot Avenue, Detroit, MI",,,,https://www.dropbox.com/s/a4uxlebzsoqh9zs/m0295.jpg?dl=0,
m0296,,MISS VAN,9/1/2015,"1301 Maple St, Detroit, MI",,,,https://www.dropbox.com/s/z64hmw3t4rfvsyv/m0296.jpg?dl=0,
m0297,,OUIZI,10/26/2016,"1701 Trumbull, Detroit, MI",,,,https://www.dropbox.com/s/cvlmcxd9cvrmguh/m0297.jpg?dl=0,
m0298,,RICH AYERS,9/26/2017,"315 East Baltimore Ave, Detroit MI",Alley behind building,,5,https://www.dropbox.com/s/eekoamuprgk3emr/m0298.jpg?dl=0,
m0299,,SINTEX,9/26/2017,"1616 W. Fort St., Detroit, MI",,,6,https://www.dropbox.com/s/fphc5dwtzofxua6/m0299.jpg?dl=0,
m0300,,WC BEVAN,4/24/2018,"124 West Columbia Street, Detroit, MI",,"Warner Brother Nashville , Kenny Chesney",5,https://www.dropbox.com/s/r20j3sirpd4ongv/m0300.jpg?dl=0,
m0301,,SUMMER IN THE CITY,4/27/2017,"4493 Charles St, Detroit, MI",,,3,"https://www.dropbox.com/s/oe39k252n7vo0ag/m0301.jpg?dl=0, https://www.dropbox.com/s/x25za1fj7e4njzi/m0301_2.jpg?dl=0, https://www.dropbox.com/s/5w9np0f16v8bnxx/m0301_3.jpg?dl=0, https://www.dropbox.com/s/3t7bkb99dr0yogd/m0301_4.jpg?dl=0",
m0302,,SUMMER IN THE CITY,4/27/2017,"4499 Charles St, Detroit, MI",,,3,"https://www.dropbox.com/s/vuwp1nj2uo4y4a9/m0302.jpg?dl=0, https://www.dropbox.com/s/xdk40fshx2ll3rk/m0302_2.jpg?dl=0",
m0303,,unknown,1/27/2013,"5900 W Vernor Hwy, Detroit, MI",,,,https://www.dropbox.com/s/swmnqg8h2xqaxhk/m0303.jpg?dl=0,
m0304,,FREDDY DIAZ,1/27/2013,"7744 Vernor Hwy, Detroit, MI",,,,https://www.dropbox.com/s/e81c6juwav9kvwa/m0304.jpg?dl=0,
m0305,,unknown,1/27/2013,"1211 Trumbull Ave, Detroit, MI",(Left side of building),,,https://www.dropbox.com/s/d76t7itaxmi7jjr/m0305.jpg?dl=0,
m0306,,SHADES,7/27/2017,"1200 Beech St, Detroit, MI",,,,https://www.dropbox.com/s/npr4ljwyrk6fw2z/m0306.jpg?dl=0,
m0307,,FREDDY DIAZ,1/27/2013,"5680 W Vernor Hwy, Detroit, MI",,,,https://www.dropbox.com/s/68xfnklixm3rkcv/m0307.jpg?dl=0,
m0308,,unknown,1/27/2013,"720 Ferdinand Street, Detroit, MI 48209",,,,https://www.dropbox.com/s/t85wnq7wy6qfsj9/m0308.jpg?dl=0,
m0309,MANO DE OBRA CAMPESINA,DASIC FERNÁNDEZ,11/1/2010,"6060 Vernor Hwy, Detroit, Michigan",,,,https://www.dropbox.com/s/vif9fs8bt1n3ok4/m0309.jpg?dl=0,
m0310,,THE SOUTHWEST URBAN ARTS MURAL PROJECT,10/1/2015,"6500 Desmond St, Detroit, MI",,The Urban Neighborhoods Initiative,,https://www.dropbox.com/s/brrsjvxfmyvu75k/m0310.jpg?dl=0,
m0311,,THE SOUTHWEST URBAN ARTS MURAL PROJECT,10/1/2015,"1944 Casgrain St, Detroit, MI",,The Urban Neighborhoods Initiative,,https://www.dropbox.com/s/t20ogn9iz2ck9a6/m0311.jpg?dl=0,
m0312,,THE SOUTHWEST URBAN ARTS MURAL PROJECT,10/1/2015,"6630 Desmond St, Detroit, MI",,The Urban Neighborhoods Initiative,,https://www.dropbox.com/s/v29c7peiysp2pjr/m0312.jpg?dl=0,
m0313,,THE SOUTHWEST URBAN ARTS MURAL PROJECT,10/1/2015,"6600 Desmond, Detroit, MI",,The Urban Neighborhoods Initiative,,"https://www.dropbox.com/s/uf403f5oua9bko7/m0313.jpg?dl=0, https://www.dropbox.com/s/2vdl0q6ex8lpank/m0313_2.jpg?dl=0, https://www.dropbox.com/s/tvghpf0iioqrh3e/m0313_3.jpg?dl=0, https://www.dropbox.com/s/2epgi7uokqflqux/m0313_4.jpg?dl=0",
m0314,,unknown,8/27/1993,"7721 West Vernor Hwy, Detroit, MI",,,,https://www.dropbox.com/s/s4i4p0bzheypddb/m0314.jpg?dl=0,
m0315,,PABLO DAVIS,9/27/1980,"7720 West Vernor Hwy, Detroit, MI","Year Unknown, est 1980s",Restored by Detroit Summer,,https://www.dropbox.com/s/ruy5sg1p8jxqkqz/m0315.jpg?dl=0,
m0316,,unknown,1/27/2017,"1232 Michigan Ave, Detroit, MI",,,,https://www.dropbox.com/s/f305ug9kl5hfdnm/m0316.jpg?dl=0,
m0317,,unknown,1/27/2017,"1230 Michigan Ave, Detroit, MI",,,,https://www.dropbox.com/s/bdg1kj2ypfrezr3/m0317.jpg?dl=0,
m0318,,unknown,1/27/2013,"1234 Michigan Ave, Detroit, MI",,,,https://www.dropbox.com/s/stzv4qe4rboo3rq/m0318.jpg?dl=0,
m0319,,unknown,1/27/2013,"1236 Michigan Ave, Detroit, MI",,,,https://www.dropbox.com/s/pv01k44f4d5c54t/m0319.jpg?dl=0,
m0320,,unknown,1/21/2013,"4323 W Fort Street, Detroit, MI 48209",,,,"https://www.dropbox.com/s/jkf9bi834wwc2zu/m0320.jpg?dl=0, https://www.dropbox.com/s/2z8fa3djxebz21f/m0320_2.jpg?dl=0, https://www.dropbox.com/s/okazpg6wsyau2fk/m0320_3.jpg?dl=0",
m0321,,DASIC FERNÁNDEZ,9/27/2010,"6000 Vernor Hwy, Detroit, MI",,,,https://www.dropbox.com/s/4jv3i20nib5vdop/m0321.jpg?dl=0,
m0322,,ELTON DURAN,9/27/2016,"6002 Vernor Hwy, Detroit, MI",,,,https://www.dropbox.com/s/5ndgazufvcfp0q6/m0322.jpg?dl=0,
m0323,,ELTON DURAN,10/27/2016,"6001 Vernor Hwy, Detroit, MI",,,,https://www.dropbox.com/s/ns6ir9hupr3evpp/m0323.jpg?dl=0,
m0324,,FEL3000FT,10/27/2016,"17125 Conant, Detroit, MI",,,3,https://www.dropbox.com/s/qeg0nb2atesvsnt/m0324.jpg?dl=0,
m0325,,unknown,1/27/2013,"7150 Vernor Hwy, Detroit, MI",,,,https://www.dropbox.com/s/4icfungh6afvuna/m0325.jpg?dl=0,
m0326,,ELLEN RUTT,12/29/2017,"7830 W Vernor Hwy, Detroit, MI",,,6,https://www.dropbox.com/s/z9u0fzmkchrms35/m0326.jpg?dl=0,
m0327,,ERIC KELLY,12/27/2016,"1232 Michigan Ave, Detroit, MI",located in rear building,,,https://www.dropbox.com/s/66iekirrpik4n2v/m0327.jpg?dl=0,
m0328,,unknown,1/27/2013,"12814 Kercheval Ave, Detroit, MI",,,4,,
m0329,,ROBERT SESTOK,11/27/1973,"5840 W Jefferson Ave, Detroit, MI",,,,https://www.dropbox.com/s/f5vws1pffx05p9z/m0329.jpg?dl=0,
m0330,,unknown,6/4/2017,"8054 Chamberlain Street, Detroit, MI",,,,https://www.dropbox.com/s/lf7k5raxf6dbms0/m0330.jpg?dl=0,
m0331,,"GHOST BEARD ] , [ PATCH WHISKY",10/22/2015,"2117 Michigan Ave., Detroit, MI",,,,https://www.dropbox.com/s/dbxqks2kill4syq/m0331.jpg?dl=0,
m0331,,unknown,6/4/2017,"8052 Chamberlain Street, Detroit, MI",,,,,
m0332,,FREDDY DIAZ,6/4/2017,"8042 Chamberlain Street, Detroit, MI",,,,https://www.dropbox.com/s/nm06gjxnkruwsvs/m0332.jpg?dl=0,
m0333,,unknown,6/4/2017,"8044 Chamberlain Street, Detroit, MI",,,,https://www.dropbox.com/s/8a40e56istpvfxp/m0333.jpg?dl=0,
m0334,,unknown,6/4/2017,"8046 Chamberlain Street, Detroit, MI",,,,https://www.dropbox.com/s/eg8tgw4ggah87ft/m0334.jpg?dl=0,
m0335,,MALT,6/4/2017,"8050 Chamberlain Street, Detroit, MI",,,,https://www.dropbox.com/s/8ckojr29x6rwyni/m0335.jpg?dl=0,
m0336,,LISA LUEVANOS,10/27/2015,"1227 Springwells Street, Detroit, MI",,,,https://www.dropbox.com/s/kqo85vm31ivmr9o/m0336.jpg?dl=0,
m0337,,"FREDDY DIAZ ] , [ MEGGS",10/27/2017,"1227 Springwells Street, Detroit, MI",,,6,https://www.dropbox.com/s/44pbe631tul1fn9/m0337.jpg?dl=0,
m0338,,THE SOUTHWEST URBAN ARTS MURAL PROJECT,10/27/2014,"1161 Springwells Street, Detroit, MI",,The Urban Neighborhoods Initiative,,https://www.dropbox.com/s/2589am8gzk78n74/m0338.jpg?dl=0,
m0339,,SANER,9/27/2015,"1421 Springwells, Detroit, MI",,,,https://www.dropbox.com/s/fcnfnqnu72289dx/m0339.jpg?dl=0,
m0340,,THE SOUTHWEST URBAN ARTS MURAL PROJECT,10/27/2014,"8038 Longworth Street, Detroit, MI",,The Urban Neighborhoods Initiative,,https://www.dropbox.com/s/m5vgb0bbykx9gup/m0340.jpg?dl=0,
m0341,,THE SOUTHWEST URBAN ARTS MURAL PROJECT,10/27/2014,"8037 Longworth Street, Detroit, MI",,The Urban Neighborhoods Initiative,,https://www.dropbox.com/s/o4020gvj4gun4uy/m0341.jpg?dl=0,
m0342,,ALL SAINTS CENTER,10/27/2008,"8038 Logan Street., Detroit, MI",,,,"https://www.dropbox.com/s/hxcob07aoxenvuk/m0342.jpg?dl=0, https://www.dropbox.com/s/tiq15oxuo4lrpqd/m0342_2.jpg?dl=0",
m0343,,unknown,1/27/2013,"1700 Springwells Street, Detroit, MI",,,,https://www.dropbox.com/s/u7i6m6igks4nchd/m0343.jpg?dl=0,
m0344,,THE SOUTHWEST URBAN ARTS MURAL PROJECT,10/27/2013,"1800 Springwells Street, Detroit, MI",,The Urban Neighborhoods Initiative,,https://www.dropbox.com/s/vpceds3eiu7mhnr/m0344.jpg?dl=0,
m0345,,THE SOUTHWEST URBAN ARTS MURAL PROJECT,10/27/2014,"1826 Springwells Street, Detroit, MI",,The Urban Neighborhoods Initiative,,https://www.dropbox.com/s/7gr0ai9tyjaktlv/m0345.jpg?dl=0,
m0346,,THE SOUTHWEST URBAN ARTS MURAL PROJECT,10/27/2013,"1835 Springwells St, Detroit, MI",,The Urban Neighborhoods Initiative,,https://www.dropbox.com/s/9ciizm4cul7xsdh/m0346.jpg?dl=0,
m0347,,THE SOUTHWEST URBAN ARTS MURAL PROJECT,10/28/2013,"1837 Springwells St, Detroit, MI",,The Urban Neighborhoods Initiative,,https://www.dropbox.com/s/a1w8r2mg5srg2ir/m0347.jpg?dl=0,
m0348,,"FREDDY DIAZ ] , [ PHILLIP PATRICK",9/27/2015,"1709 Lawndale Street, Detroit, MI",,,,https://www.dropbox.com/s/vmyxvau3nt9ggzw/m0348.jpg?dl=0,
m0349,,SUMMER IN THE CITY,8/27/2017,"3910 Grand River Ave., Detroit, MI",,,,https://www.dropbox.com/s/vffu3uouvvqqaia/m0349.jpg?dl=0,
m0350,,"CARL OXLEY III ] , [ MARK SENGBUSCH] , [ SUMMER IN THE CITY",7/27/2016,"3530 Grand River Avenue, Detroit, MI",,,,https://www.dropbox.com/s/08oattcf2ceo841/m0350.jpg?dl=0,
m0351,,FREDDY DIAZ,11/27/2017,"1930 Springwells Ave, Detroit, MI",,,6,https://www.dropbox.com/s/vcowe7732li8tyq/m0351.jpg?dl=0,
m0353,,"CARL OXLEY III ] , [ MARK SENGBUSCH",6/28/2005,"14326 East Jefferson Ave., Detroit, MI",,,4,https://www.dropbox.com/s/ifik2dmxrevxgpk/m0353.jpg?dl=0,
m0354,,unknown,1/28/2013,"13131 East Jefferson Ave., Detroit, MI",,,4,https://www.dropbox.com/s/yoccx2bv46xpkkr/m0354.jpg?dl=0,
m0355,,LAUREN HARRINGTON,9/1/2016,"1799 Antietam Ave, Detroit, MI",,,,https://www.dropbox.com/s/v2q1jynzajaq7qy/m0355.jpg?dl=0,
m0356,,BEN SAGINAW,6/28/2017,"2133 Michigan Ave, Detroit, MI",,,,https://www.dropbox.com/s/1d0dir9mvkgw4qt/m0356.jpg?dl=0,
m0357,,unknown,7/28/2013,"2369 Rosa Parks Blvd., Detroit, MI",,,,https://www.dropbox.com/s/duqnfxkm368vna8/m0357.jpg?dl=0,
m0358,,"ANTHONY LEE ] , [ GLENNA GOODACRE",1/28/2013,"2939 Woodward Ave., Detroit, MI",,,,https://www.dropbox.com/s/mc69hfsu2ouj5db/m0358.jpg?dl=0,
m0359,,GONZO STROSS,1/28/2013,"2940 Woodward Ave., Detroit, MI",,,,https://www.dropbox.com/s/rw0cypqdav79zv0/m0359.jpg?dl=0,
m0360,,unknown,4/28/2017,"2119 Cass Ave, Detroit, MI",,,,https://www.dropbox.com/s/4whtdjao1wok8y8/m0360.jpg?dl=0,
m0361,,ANTHONY LEE,9/28/2017,"80 West Alexandrine Street, Detroit, MI",,,5,https://www.dropbox.com/s/ukno2qlbbs13din/m0361.jpg?dl=0,
m0362,,TAURUS BURNS,7/28/2010,"4620 Cass Ave., Detroit, MI",,,,,
m0363,,CARATOES,10/28/2017,"3454 Second Ave., Detroit, MI",,,5,https://www.dropbox.com/s/juttohu704lwra9/m0363.jpg?dl=0,
m0364,,JASON OSTRO,2/28/2017,"3455 Second Ave., Detroit, MI",,,,https://www.dropbox.com/s/g3pfx82uqar3v7q/m0364.jpg?dl=0,
m0365,,CHRISTOPHER KONECKI,10/28/2017,"3456 Second Ave., Detroit, MI",,,5,https://www.dropbox.com/s/umewkfh979nr4ih/m0365.jpg?dl=0,
m0366,,MEGGS,10/28/2017,"3736 Third Street, Detroit, MI",,,5,https://www.dropbox.com/s/bq2sl1s00ka7iq9/m0366.jpg?dl=0,
m0367,,SWOON,10/28/2016,"500 Woodward Ave., Detroit, MI",,,,https://www.dropbox.com/s/7mvc5ouhmlimf01/m0367.jpg?dl=0,
m0368,,JESSIE KASSEL,7/28/2017,"1428 Griswold St, Detroit, MI",,,,https://www.dropbox.com/s/c631na2048x7oqk/m0368.jpg?dl=0,
m0369,,unknown,5/28/2017,"87 Watson St, Detroit, MI",,,,https://www.dropbox.com/s/5e2g6nwijia6su4/m0369.jpg?dl=0,
m0370,,unknown,8/21/2011,"58 Peterboro Street, Detroit, MI",,,,https://www.dropbox.com/s/gv5awsxwb8xcuc2/m0370.jpg?dl=0,
m0371,,SINTEX,9/28/2014,"2144 Gratiot Ave., Detroit, MI",,,,https://www.dropbox.com/s/h0lahmk9q1ohqb7/m0371.jpg?dl=0,
m0372,,SINTEX,9/28/2014,"2144 Gratiot Ave., Detroit, MI",,,,https://www.dropbox.com/s/clrxozzp0i2to1v/m0372.jpg?dl=0,
m0373,,WC BEVAN,9/28/2017,"9300 Kercheval Ave., Detroit, MI",,,5,https://www.dropbox.com/s/y5xfj5v3q11qndy/m0373.jpg?dl=0,
m0374,,unknown,1/28/2013,"4999 Philip Street, Detroit, MI",,,4,https://www.dropbox.com/s/o3ah6kxr93oqnme/m0374.jpg?dl=0,
m0375,,MUCKROCK,7/28/2017,"5705 W. Warren Ave, Detroit, MI",,,,https://www.dropbox.com/s/rlq3vfhpljb0962/m0375.jpg?dl=0,
m0376,,"ERIN KRUCZEK] , [ ELITE DETROIT] , [ ] , [ DETROIT HIVES",8/3/2017,"9407 East Warren Ave, Detroit, MI",,,4,https://www.dropbox.com/s/r7t4bkski86co8e/M0376.jpg?dl=0,
m0377,,unknown,1/3/2013,"9622 Harper Ave, Detroit, MI",,,3,https://www.dropbox.com/s/sddz9hvf36ygip6/m0377.jpg?dl=0,
m0378,,unknown,unknown,"9731 Harper Ave, Detroit, MI",,,3,https://www.dropbox.com/s/6dum1cpamque210/m0378.jpg?dl=0,
m0379,,unknown,1/3/2013,"8501 Harper Avenue, Detroit, MI",,,3,https://www.dropbox.com/s/eb5zobjqw4jpklh/m0379.jpg?dl=0,
m0380,,SINTEX,8/3/2014,"4736 East Grand River, Detroit, MI",,,,https://www.dropbox.com/s/dh34yegspaw2uej/m0380.jpg?dl=0,
m0381,,ARMAGEDDON BEACHPARTY,4/23/2018,"1527 West Warren Ave, Detroit, MI",,,6,https://www.dropbox.com/s/b9c10b5eg9a1i3h/m0381.jpg?dl=0,
m0382,,CZR PZR,7/3/2014,"4230 Grand River Ave, Detroit, MI",,,,https://www.dropbox.com/s/6n8qkvxztjsz6uk/m0382.jpg?dl=0,"-83.080559, 42.345536"
m0383,,unknown,7/3/2014,"4737 East Grand River, Detroit, MI",,,,https://www.dropbox.com/s/d7qf6nve4ct8nhd/m0383.jpg?dl=0,
m0384,,"BIRDO ] , [ ELMER",8/3/2014,"4667 15th Street, Detroit, MI",,,,https://www.dropbox.com/s/ja7abic3yhmvs4e/m0384.jpg?dl=0,
m0386,,unknown,9/11/2017,"3701 McClellan Ave, Detroit, MI",,,,https://www.dropbox.com/s/ps16ga1wm4aprs3/m0386.jpg?dl=0,
m0388,,PHILIPPE MASTROCOLA,10/3/2014,"4629 Grand River Ave, Detroit, MI",,,,https://www.dropbox.com/s/9ubpo3i50cxf5am/m0388.jpg?dl=0,
m0389,,LUCHER,9/3/2014,"4756 Grand River Ave, Detroit, MI",,,,https://www.dropbox.com/s/4ka9ycd7ibovkig/m0389.jpg?dl=0,
m0390,,"MALT] , [ TEAD] , [ ] , [ MONSTER STEVE",10/3/2014,"4733 East Grand River, Detroit, MI",,,,https://www.dropbox.com/s/bnbrpozd2xrzx0b/m0390.jpg?dl=0,
m0391,,MALT,9/1/2012,"1946 Calumet Street, Detroit, MI",,,,https://www.dropbox.com/s/ofa6jkla0ozxe3z/m0391.jpg?dl=0,
m0392,,AIR CREW CHICAGO,1/3/2013,"4429 Wabash Street, Detroit, MI",,,,https://www.dropbox.com/s/z26erdytfvpqd9g/m0392.jpg?dl=0,
m0393,,HELLO MELOH,8/3/2014,"1948 Calumet Street, Detroit, MI",,,,https://www.dropbox.com/s/qo9ze36c7gfu2fp/m0393.jpg?dl=0,
m0394,,DESIREE KELLY,8/3/2015,"4252 Grand River Ave, Detroit, MI",,,,https://www.dropbox.com/s/vzn3o47hxoicgcm/m0394.jpg?dl=0,
m0395,,HEAD,8/3/2014,"4264 Grand River Ave, Detroit, MI",,,,https://www.dropbox.com/s/1p85dmz4sc2kbb7/m0395.jpg?dl=0,"-83.080203, 42.345307"
m0396,,DUSTIN SPAGNOLA,9/3/2014,"4251 Grand River Ave, Detroit, MI",,,,https://www.dropbox.com/s/t2s4kvflfqha4bh/m0396.jpg?dl=0,
m0397,,FORTE,8/3/2014,"4230 Grand River Ave, Detroit, MI",,,,https://www.dropbox.com/s/afzn46e6ew3azwz/m0397.jpg?dl=0,"-83.080189, 42.345385"
m0398,,unknown,8/3/2014,"4230 Grand River Ave, Detroit, MI",,,,https://www.dropbox.com/s/si1elib2np6k2du/m0398.jpg?dl=0,"-83.080195, 42.345435"
m0399,,unknown,8/4/2014,"4230 Grand River Ave, Detroit, MI",,,,https://www.dropbox.com/s/7sl3wp9lldvmjgo/m0399.jpg?dl=0,"-83.080533, 42.345609"
m0400,,unknown,8/4/2014,"4230 Grand River Ave, Detroit, MI",,,,https://www.dropbox.com/s/xbwhde416mq23wh/m0400.jpg?dl=0,"-83.080658, 42.345660"
m0401,,PAPPSATT,9/3/2014,"4230 Grand River Ave, Detroit, MI",,,,https://www.dropbox.com/s/uiw2pbgs6cf6ynl/m0401.jpg?dl=0,"-83.080475, 42.345287"
m0402,,unknown,9/3/2014,"4224 Grand River Ave., Detroit, MI",alley behind building,,,https://www.dropbox.com/s/c4wimtpzad9fstp/m0402.jpg?dl=0,
m0403,,unknown,8/4/2014,"4230 Grand River Ave, Detroit, MI",,,,https://www.dropbox.com/s/5rzpsq0trm0e89o/m0403.jpg?dl=0,"-83.080895, 42.345462"
m0404,,JAKE MERTEN,7/4/2015,"10800 East Jefferson Avenue, Detroit, MI",,,,https://www.dropbox.com/s/uig5fal3c1sdjwm/m0404.jpg?dl=0,
m0405,,unknown,1/5/2013,"1031 Eastlawn Street, Detroit, MI",,,4,https://www.dropbox.com/s/d1ofosjq7mi8kpu/m0405.jpg?dl=0,
m0406,,WC BEVAN,9/1/2016,"2470 E Fisher Service Dr, Detroit, MI",,,,https://www.dropbox.com/s/8sggehn28ve0yj8/m0406.jpg?dl=0,
m0407,,unknown,8/9/2013,"2312 Vinewood Street, Detroit, MI",,,,https://www.dropbox.com/s/e23296hvc7zek57/m0407.jpg?dl=0,
m0408,,unknown,9/17/2015,"2313 Vinewood Street, Detroit, MI",,,,https://www.dropbox.com/s/azf1yswuafipr6a/m0408.jpg?dl=0,
m0409,,unknown,10/9/2013,"6109 Wabash Street, Detroit, MI",,,,https://www.dropbox.com/s/mj64crul1zi3kjz/m0409.jpg?dl=0,
m0410,,unknown,8/9/2015,"800 W. Willis Street, Detroit, MI",,,,https://www.dropbox.com/s/mhw07t90fn5enzq/m0410.jpg?dl=0,
m0411,,BENNIE WHITE,9/9/1993,"13023 E Warren Ave, Detroit, MI",,,4,https://www.dropbox.com/s/jplv0iodo7pbt5p/m0411.jpg?dl=0,
m0412,,unknown,1/9/2013,"19125 Hamburg Street, Detroit, MI",,,3,https://www.dropbox.com/s/cb9j9br6z2acy83/m0412.jpg?dl=0,
m0413,,unknown,1/9/2013,"7715 W. Vernor Highway, Detroit, MI",,,,https://www.dropbox.com/s/u7egphrbh2qadu7/m0413.jpg?dl=0,
m0414,,unknown,1/9/2013,"7714 W. Vernor Highway, Detroit, MI",,,,https://www.dropbox.com/s/67qdms1ziw4eydf/m0414.jpg?dl=0,
m0415,,REVOK,7/9/2017,"1825 21st Street, Detroit, MI",,,,https://www.dropbox.com/s/y1qqiqqe8wy2bg5/m0415.jpg?dl=0,
m0416,,unknown,1/9/2013,"5155 Rosa Parks Avenue, Detroit, MI",,,,https://www.dropbox.com/s/2p7bxaau1yfayfz/m0416.jpg?dl=0,
m0417,,unknown,1/9/2013,"1925 Bryant Street, Detroit, MI",,,,https://www.dropbox.com/s/ws8j96zsv8wkrsa/m0417.jpg?dl=0,
m0418,,SCRIBBLES,11/9/2009,"4882 Lennox Street, Detroit, MI",,,4,https://www.dropbox.com/s/cd43w8dgocem8go/m0418.jpg?dl=0,
m0419,,"CARL OXLEY III ] , [ MARK SENGBUSCH",9/8/2008,"2226 Marquette Street, Detroit, MI",PAINTED BY SUMMER IN THE CITY,,,https://www.dropbox.com/s/ib67z1c0ummf09w/m0419.jpg?dl=0,
m0420,,unknown,1/9/2013,"3345 Bagley Street, Detroit, MI",,,,https://www.dropbox.com/s/r978vpt65sd50kh/m0420.jpg?dl=0,
m0421,,unknown,6/9/2017,"5353 Baldwin St, Detroit, MI",,,,https://www.dropbox.com/s/3ry2iv7nuf2gtuj/m0421.jpg?dl=0,
m0422,,unknown,1/9/2013,"18037 Schoenherr Street, Detroit, MI",,,3,https://www.dropbox.com/s/vfz3dkc9a2urpyd/m0422.jpg?dl=0,
m0423,,unknown,1/11/2013,"12523 E. Seven Mile Road, Detroit, MI",,,3,https://www.dropbox.com/s/i2vhy21ug7v1ct8/m0423.jpg?dl=0,
m0424,,unknown,9/11/2013,"1907 W. Jefferson Avenue, Detroit, MI",,,,https://www.dropbox.com/s/pnmll2sidq6tk08/m0424.jpg?dl=0,
m0425,,unknown,1/11/2013,"2640 Michigan Avenue, Detroit, MI",,,,https://www.dropbox.com/s/fe6k2nvznhbveel/m0425.jpg?dl=0,
m0426,,unknown,1/11/2013,"6100 Trumbull Street, Detroit, MI",,,,https://www.dropbox.com/s/idjnoejdplqw5xy/m0426.jpg?dl=0,
m0427,,SUMMER IN THE CITY,9/1/2016,"5757 Trumbull Street, Detroit, MI",,,,https://www.dropbox.com/s/ghrnkvo3m3e71te/m0427.jpg?dl=0,
m0428,,SUMMER IN THE CITY,10/11/2017,"1984 West Euclid Street, Detroit, MI",,,5,https://www.dropbox.com/s/ugbuetxjwa7s4pz/m0428.jpg?dl=0,
m0429,,HUBERT MASSEY,7/11/2017,"9138 Rosa Parks Boulevard, Detroit, MI",,,,https://www.dropbox.com/s/rzzoyhr9s1260ui/m0429.jpg?dl=0,
m0430,,unknown,1/11/2013,"1722 23rd Street, Detroit, MI",,,,https://www.dropbox.com/s/atebf7on2gky048/m0430.jpg?dl=0,
m0431,,unknown,6/11/2017,"11610 Greiner Street, Detroit, MI",,,3,https://www.dropbox.com/s/d2bqreq8gfuqzdt/m0431.jpg?dl=0,
m0432,,ELTON DURAN,9/11/2017,"3041 West Vernor Highway, Detroit, MI",,,6,https://www.dropbox.com/s/kykfpz3wg6duzng/m0432.jpg?dl=0,
m0433,,"PHYBR] , [ DETROIT LACQUER] , [ ] , [ REC3SNK",9/11/2017,"20100 Schoenherr, Detroit, MI",,,3,https://www.dropbox.com/s/nhmjpgaog6fepd5/m0433.jpg?dl=0,
m0434,,WC BEVAN,9/11/2017,"6199 Concord Ave, Detroit, MI 48211",Packard Automotive Plant,,,https://www.dropbox.com/s/9eu7xgzkluio5q1/m0434.jpg?dl=0,
m0435,,MICHELLE TANGUAY,9/21/2017,"14600 Mack Avenue, Detroit, MI",,,,https://www.dropbox.com/s/gxxbqe0srqpjhk6/m0435.jpg?dl=0,
m0436,,SUMMER IN THE CITY,10/11/2017,"14114 East Warren Avenue, Detroit, MI",,,4,https://www.dropbox.com/s/ege02di7xtswyvf/m0436.jpg?dl=0,
m0437,,unknown,1/12/2013,"16527 Livernois Ave, Detroit, MI",,,2,https://www.dropbox.com/s/4fnmpib3diba380/m0437.jpg?dl=0,
m0438,,Michael Owen,11/13/2013,"19384 Livernois Avenue, Detroit, MI",,,2,https://www.dropbox.com/s/t741f5ngeap4zlw/m0438.jpg?dl=0,
m0439,,Michael Owen,11/12/2013,"19386 Livernois Avenue, Detroit, MI",,,2,https://www.dropbox.com/s/yu9arlztexszqmm/m0439.jpg?dl=0,
m0441,,unknown,10/12/2015,"14309 Greenfield Road, Detroit, MI",,,,https://www.dropbox.com/s/qibdr3g3cyzvxsy/m0441.jpg?dl=0,
m0443,,FUMEROISM,9/12/2015,"4400 Maplewood Ave, Detroit, MI",,,,https://www.dropbox.com/s/nafwbjlv3qr3aha/m0443.jpg?dl=0,
m0444,,FUMEROISM,9/12/2015,"4404 Maplewood Ave, Detroit, MI",,,,https://www.dropbox.com/s/se5ej0vjxhnotdy/m0444.jpg?dl=0,
m0445,,FUMEROISM,9/12/2015,"4402 Maplewood Ave, Detroit, MI",,,,https://www.dropbox.com/s/r8d09nb822muku3/m0445.jpg?dl=0,
m0446,,unknown,9/12/2015,"13838 Woodward Ave, Highland Park, MI",,,,https://www.dropbox.com/s/hw0u3d68gw0vj12/m0446.jpg?dl=0,
m0447,,SUMMER IN THE CITY,9/1/2013,"13836 Woodward Ave, Highland Park, MI",,,,https://www.dropbox.com/s/k2ewp78jszy4y1z/m0447.jpg?dl=0,
m0448,,unknown,5/12/2017,"2852 Benson Street, Detroit, MI",,,,https://www.dropbox.com/s/rqssykv5g7ndq48/m0448.jpg?dl=0,
m0449,,"SEAN LUGO ] , [ SAVAGE HABIT",7/12/2017,"2105 Russell Street, Detroit, MI",,,,https://www.dropbox.com/s/huze046ieuzltbj/m0449.jpg?dl=0,
m0450,,PHILIPPE MASTROCOLA,9/12/2014,"4223 Grand River Ave., Detroit, MI",,,,https://www.dropbox.com/s/adnm8ldvm29yhew/m0450.jpg?dl=0,
m0451,,MALT,1/16/2013,"2220 Caniff Street, Hamtramck, MI",,,,https://www.dropbox.com/s/9rwqxtyjivgvtpc/m0451.jpg?dl=0,
m0452,,DABS MYLA,10/16/2012,"2048 Caniff Street, Hamtramck, MI",,,,https://www.dropbox.com/s/je3oijutv3am7i9/m0452.jpg?dl=0,
m0453,,BASK,1/16/2013,"2049 Caniff Street, Hamtramck, MI",,,,https://www.dropbox.com/s/8mddwkki6t3l8r5/m0453.jpg?dl=0,
m0454,,unknown,9/16/2014,"8092 Joseph Campau Street, Hamtramck, MI",,,,https://www.dropbox.com/s/3jrz0iby5kk2sem/m0454.jpg?dl=0,
m0455,,"GHOST BEARD ] , [ PATCH WHISKY",10/16/2015,"8093 Joseph Campau Street, Hamtramck, MI",,,,https://www.dropbox.com/s/ixaoz69jw36pedz/m0455.jpg?dl=0,
m0456,,KOBIE SOLOMON,9/17/2015,"8829 Joseph Campau Street, Hamtramck, MI",,,,https://www.dropbox.com/s/g44693obcn5i755/m0456.jpg?dl=0,
m0457,,"DASIC FERN] , [EZ",10/17/2013,"8750 Joseph Campau Street, Hamtramck, MI",,,,https://www.dropbox.com/s/0e49p9psktgptn1/m0457.jpg?dl=0,
m0458,,unknown,9/17/2015,"8740 Joseph Campau Street, Hamtramck, MI",,,,https://www.dropbox.com/s/ikzzomk96ag2u28/m0458.jpg?dl=0,
m0459,,unknown,1/17/2013,"Veterans Park, Hamtramck, MI",,,,https://www.dropbox.com/s/f647gmwu71g80bv/m0459.jpg?dl=0,"-83.050538, 42.390488"
m0460,,unknown,9/18/2015,"Veterans Park, Hamtramck, MI",,,,https://www.dropbox.com/s/offc69hit9ppjfq/m0460.jpg?dl=0,"-83.051066, 42.389338"
m0461,,unknown,1/18/2013,"3201 Holbrook Ave, Hamtramck, MI",,,,https://www.dropbox.com/s/rbiw0rft34exui9/m0461.jpg?dl=0,
m0462,,BROZILLA,9/18/2016,,,,,"https://www.dropbox.com/s/1s1b7wmjm2g3oqf/m0462_2.jpg?dl=0, https://www.dropbox.com/s/xdca30svzpjxru1/m0462.jpg?dl=0","-83.046135, 42.393044"
m0463,,BROZILLA,10/18/2016,"8899 Conant St, Hamtramck, MI",,,,https://www.dropbox.com/s/xq5lwl0ljok8eq4/m0463.jpg?dl=0,
m0464,,BROZILLA,10/18/2016,"8900 Conant St, Hamtramck, MI",,,,https://www.dropbox.com/s/brz05cvjteq9vdd/m0464.jpg?dl=0,
m0465,,BROZILLA,12/18/2016,"8303 Joseph Campau Ave., Hamtramck, MI",,,,https://www.dropbox.com/s/3qvgby8byp4llwv/m0465.jpg?dl=0,
m0466,,REVOK,11/18/2016,"8304 Joseph Campau Ave., Hamtramck, MI",,,,https://www.dropbox.com/s/tafwt3me6i32yai/m0466.jpg?dl=0,
m0467,,BROZILLA,8/30/2016,"2473 Denton Street, Hamtramck, MI",,,,https://www.dropbox.com/s/mg59gijuramc551/m0467.jpg?dl=0,
m0468,,unknown,3/18/2016,"2474 Denton Street, Hamtramck, MI",,,,https://www.dropbox.com/s/k9vox2yyogflcq6/m0468.jpg?dl=0,
m0469,,unknown,10/18/2015,"2472 Denton Street, Hamtramck, MI",,,,https://www.dropbox.com/s/sdlwa2qh7auarng/m0469.jpg?dl=0,
m0470,,REVOK,9/18/2016,"8305 Joseph Campau Ave., Hamtramck, MI",,,,https://www.dropbox.com/s/smdfoo398jqtyd0/m0470.jpg?dl=0,
m0471,,ALEX SENNA,11/2/2017,"Dequindre Cut, Detroit, MI",,,5,https://www.dropbox.com/s/q3cmp96xfrcibsj/m0471.jpg?dl=0,"-83.032863, 42.342650"
m0472,,DANNY SOBOR,8/30/2017,"5141 Rosa Parks Blvd, Detroit, MI 48208",The Forge Artist Residency,,1,https://www.dropbox.com/s/b2dvhpo716hbkw6/m0472.jpg?dl=0,
m0473,,unknown,5/22/2016,"19320 Van Dyke, Detroit, MI",,,3,https://www.dropbox.com/s/wxsa3o873c33cyx/m0473.jpg?dl=0,
m0474,,unknown,5/22/2016,"19321 Van Dyke, Detroit, MI",,,3,https://www.dropbox.com/s/jyhicoxvvh6dqzc/m0474.jpg?dl=0,
m0475,,unknown,5/22/2016,"19322 Van Dyke, Detroit, MI",,,3,https://www.dropbox.com/s/z4wkdcf6pl3m7jz/m0475.jpg?dl=0,
m0476,,unknown,5/22/2016,"19323 Van Dyke, Detroit, MI",,,3,https://www.dropbox.com/s/jbvt7bhhkso2n1d/m0476.jpg?dl=0,
m0477,,unknown,5/22/2016,"19324 Van Dyke, Detroit, MI",,,3,https://www.dropbox.com/s/s7toa5qykzsnjm0/m0477.jpg?dl=0,
m0478,,unknown,5/22/2016,"19325 Van Dyke, Detroit, MI",,,3,https://www.dropbox.com/s/90nonkzosefc39i/m0478.jpg?dl=0,
m0479,,unknown,5/22/2016,"19326 Van Dyke, Detroit, MI",,,3,https://www.dropbox.com/s/1zif9gpfj5f4ptd/m0479.jpg?dl=0,
m0480,,unknown,5/22/2016,"19327 Van Dyke, Detroit, MI",,,3,https://www.dropbox.com/s/vbholrt6wz8iad8/m0480.jpg?dl=0,
m0481,,ASKEW,5/22/2012,"8590 Joseph Campau Street, Hamtramck, MI",,,,https://www.dropbox.com/s/jxrlibquo3jt3sx/m0481.jpg?dl=0,
m0482,,unknonwn,1/22/2013,"3201 Dan St, Hamtramck, MI",,,,https://www.dropbox.com/s/82763agslajdnbo/m0482.jpg?dl=0,
m0483,,unknown,5/22/1982,"10037 Joseph Campau, Detroit, MI",,,3,https://www.dropbox.com/s/rcrqubj8ffmbwkx/m0483.jpg?dl=0,
m0484,,DOLAN STERNS,5/22/2016,"10229 Joseph Campau St. Hamtramck, MI",,Dunwell Printing Company,, https://www.dropbox.com/s/xpt6lun9nh5ycca/m0484.jpg?dl=0,
m0485,,"CHELSEA SKINNER ] , [ ADWITY BORNA",1/22/2013,"2777 Botsford Street, Hamtramck, MI",,International Hope Center,,https://www.dropbox.com/s/7ckdr2bv3dgsmih/m0485.jpg?dl=0,
m0486,,unknown,5/22/2017,"2800 East Davison Street, Detroit, MI",,,3,https://www.dropbox.com/s/mt4ijb5psosghst/m0486.jpg?dl=0,
m0487,,unknown,1/22/2013,"8315 East Seven Mile, Detroit, MI",,,3,https://www.dropbox.com/s/dxpgppd2vj6pbhs/m0487.jpg?dl=0,
m0488,,unknown,1/22/2013,"8316 East Seven Mile, Detroit, MI",,,3,https://www.dropbox.com/s/dau1ej2w0rg3bzc/m0488.jpg?dl=0,
m0489,,unknown,1/22/2013,"8500 2nd Ave, Detroit, MI",,,,https://www.dropbox.com/s/egs43iuzx76aemq/m0489.jpg?dl=0,
m0490,,unknown,1/22/2013,"120 W Congress St, Detroit, MI",,,,https://www.dropbox.com/s/fai0imeeqfpve9u/m0490.jpg?dl=0,
m0491,,SUMMER IN THE CITY,11/22/2017,"4424 Vernor Hwy, Detroit, MI",,,6,https://www.dropbox.com/s/1kdtwz71ip4jgvh/m0491.jpg?dl=0,
m0492,,SUMMER IN THE CITY,1/22/2013,"4415 West Vernor, Detroit, MI",,,,https://www.dropbox.com/s/zmgnpr36xq8bdwv/m0492.jpg?dl=0,
m0493,,SUMMER IN THE CITY,1/22/2013,"1601 Clark Ave, Detroit, M",,,,https://www.dropbox.com/s/sgtxsu7ts3ph5r8/m0493.jpg?dl=0,
m0494,,SHADES,11/22/2017,"1444 Brooklyn St Detroit, MI",,,6,https://www.dropbox.com/s/p0yh9qxlajziet4/m0494.jpg?dl=0,
m0495,,NICOLE MACDONALD,1/22/2013,"5729 Grand River, Detroit, MI",,,,https://www.dropbox.com/s/tde8w6w2x9lns70/m0495.jpg?dl=0,
m0496,,unknown,1/22/2013,"672 W Grand Blvd, Detroit, MI",,,,https://www.dropbox.com/s/zc4fn76s7al4y5q/m0496.jpg?dl=0,
m0512,,NICOLE MACDONALD,9/1/2016,"3343 Gratiot Avenue, Detroit, MI",,,,https://www.dropbox.com/s/40eouhkwr2wz43i/m0512.jpg?dl=0,
m0513,,NICOLE MACDONALD,9/1/2016,"3345 Gratiot Avenue, Detroit, MI",,,,https://www.dropbox.com/s/3zi4j9p1k5xxk6p/m0513.jpg?dl=0,
m0528,,FREDDY DIAZ,3/22/2018,"9429 West Fort Street, Detroit, MI",,,6,https://www.dropbox.com/s/vkr0mrhq5kmwc6s/m0528.jpg?dl=0,
m0529,,unknown,3/22/2018,"1922 Ferdinand Street, Detroit, MI",,,6,https://www.dropbox.com/s/gyn8itg01ab4bym/m0529.jpg?dl=0,
m0530,,SUMMER IN THE CITY,1/22/2013,"8801 Dix Avenue, Detroit, MI",,,,https://www.dropbox.com/s/u2ng0kvazfon9sh/m0530.jpg?dl=0,
m0531,,SUMMER IN THE CITY,1/22/2013,"8800 Dix Avenue, Detroit, MI",,,,https://www.dropbox.com/s/qslf39w9o9fr1h9/m0531.jpg?dl=0,
m0532,,unknown,1/22/2013,"8003 Olivet Street, Detroit, MI",,,,https://www.dropbox.com/s/430gpd5yl9rd71z/m0532.jpg?dl=0,
m0533,,unknown,1/22/2013,"7743 Lane St, Detroit, MI 48209",,,,https://www.dropbox.com/s/p16xxtw5jz48pww/m0533.jpg?dl=0,
m0534,,unknown,5/22/2012,"7742 Lane St, Detroit, MI 48209",,,,https://www.dropbox.com/s/1onmitopvxozbgk/m0534.jpg?dl=0,
m0535,,unknown,5/22/2012,"7736 Lane St, Detroit, MI 48209",,,,https://www.dropbox.com/s/ip2myweytizzk7u/m0535.jpg?dl=0,
m0536,,unknown,5/22/2012,"7737 Lane St, Detroit, MI 48209",,,,https://www.dropbox.com/s/mkgs8zwarntphmf/m0536.jpg?dl=0,
m0537,,unknown,5/22/2012,"7738 Lane St, Detroit, MI 48209",,,,https://www.dropbox.com/s/hwmqdfl3omzeieu/m0537.jpg?dl=0,
m0538,,unknown,5/22/2012,"7739 Lane St, Detroit, MI 48209",,,,https://www.dropbox.com/s/pi1520woy4c69k5/m0538.jpg?dl=0,
m0539,,unknown,5/22/2012,"7740 Lane St, Detroit, MI 48209",,,,https://www.dropbox.com/s/qgv0crgfzy62rph/m0539.jpg?dl=0,
m0540,,unknown,5/22/2012,"7741 Lane St, Detroit, MI 48209",,,,https://www.dropbox.com/s/wjy42lqmgmrk3j0/m0540.jpg?dl=0,
m0541,,unknown,5/22/2012,"7735 Lane St, Detroit, MI 48209",,,,https://www.dropbox.com/s/yo4qd2o45a5eiow/m0541.jpg?dl=0,
m0542,,unknown,5/22/2012,"1531 Mullane Street, Detroit, MI",,,,https://www.dropbox.com/s/9igniiv8h3f06bz/m0542.jpg?dl=0,
m0543,,unknown,5/22/2012,"1532 Mullane Street, Detroit, MI",,,,https://www.dropbox.com/s/zl1c4fg871mlpfq/m0543.jpg?dl=0,
m0544,,unknown,5/22/2012,"1533 Mullane Street, Detroit, MI",,,,https://www.dropbox.com/s/wa74jdp260sgitd/m0544.jpg?dl=0,
m0545,,unknown,5/22/2012,"1534 Mullane Street, Detroit, MI",,,,https://www.dropbox.com/s/3rdde7tb7w6bba9/m0545.jpg?dl=0,
m0546,,unknown,5/22/2012,"1535 Mullane Street, Detroit, MI",,,,https://www.dropbox.com/s/69tgl8ij2t9s99x/m0546.jpg?dl=0,
m0548,,"ADRIAN FALKNER] , [ TRISTAN EATON] , [ HENSE] , [ HOW ] , [ NOSM] , [ CYRCLE] , [ MR. JAGO] , [ AUGUSTINE KOFIE] , [ MAYA HAYUK] , [ PUSH] , [ DABS MYLA] , [ SAM FRIEDMAN] , [ MATT W. MOORE] , [ SANER] , [ INTERESNI KAZKI] , [ LOGAN HICKS] , [ LUCY MCLAUCHLAN] , [ REMI ROUGH] , [ VICTOR REYES] , [ GAIA] , [ WAIS] , [ ] , [ B.",10/11/2013,"1234 Library St, Detroit, MI 48226","""The Z is A 10-story parking garage in Detroit's central business district that blends 1,300 parking spots with the work of 27 mural artists from across the globe. Named because the structure zigzags the corners of Broadway/East Grand River, and Library/Gratiot, the garage is a collaboration between Bedrock Detroit and Library Street Collective that opened in 2013. The 500,000-square-foot project includes 34,000 square feet of retail and restaurant space.

The 130-foot-wide murals inside the garage have turned the Z - along with the adjacent BELT Alley - into a Detroit destination. The artwork is diverse and many pieces feature nods to the history of Detroit's industry and culture, which includes the concept of The Z itself - what city better fits an art gallery that you can drive into?""

- Library Street Collective","Bedrock , Library Street Collective",,https://www.dropbox.com/s/mnwvg2soqkajywk/m0548.jpg?dl=0,
m0549,,"ADRIAN FALKNER] , [ TRISTAN EATON] , [ HENSE] , [ HOW ] , [ NOSM] , [ CYRCLE] , [ MR. JAGO] , [ AUGUSTINE KOFIE] , [ MAYA HAYUK] , [ PUSH] , [ DABS MYLA] , [ SAM FRIEDMAN] , [ MATT W. MOORE] , [ SANER] , [ INTERESNI KAZKI] , [ LOGAN HICKS] , [ LUCY MCLAUCHLAN] , [ REMI ROUGH] , [ VICTOR REYES] , [ GAIA] , [ WAIS] , [ ] , [ B.",10/11/2013,"1234 Library St, Detroit, MI 48226",,"Bedrock , Library Street Collective",,https://www.dropbox.com/s/sfo2gd1frg9jxex/m0549.jpg?dl=0,
m0550,,"ADRIAN FALKNER] , [ TRISTAN EATON] , [ HENSE] , [ HOW ] , [ NOSM] , [ CYRCLE] , [ MR. JAGO] , [ AUGUSTINE KOFIE] , [ MAYA HAYUK] , [ PUSH] , [ DABS MYLA] , [ SAM FRIEDMAN] , [ MATT W. MOORE] , [ SANER] , [ INTERESNI KAZKI] , [ LOGAN HICKS] , [ LUCY MCLAUCHLAN] , [ REMI ROUGH] , [ VICTOR REYES] , [ GAIA] , [ WAIS] , [ ] , [ B.",10/11/2013,"1234 Library St, Detroit, MI 48226",,"Bedrock , Library Street Collective",,https://www.dropbox.com/s/p58as2dkc1wojib/m0550.jpg?dl=0,
m0551,,"ADRIAN FALKNER] , [ TRISTAN EATON] , [ HENSE] , [ HOW ] , [ NOSM] , [ CYRCLE] , [ MR. JAGO] , [ AUGUSTINE KOFIE] , [ MAYA HAYUK] , [ PUSH] , [ DABS MYLA] , [ SAM FRIEDMAN] , [ MATT W. MOORE] , [ SANER] , [ INTERESNI KAZKI] , [ LOGAN HICKS] , [ LUCY MCLAUCHLAN] , [ REMI ROUGH] , [ VICTOR REYES] , [ GAIA] , [ WAIS] , [ ] , [ B.",10/11/2013,"1234 Library St, Detroit, MI 48226",,"Bedrock , Library Street Collective",,https://www.dropbox.com/s/hu237ew2eus0v98/m0551.jpg?dl=0,
m0552,,"ADRIAN FALKNER] , [ TRISTAN EATON] , [ HENSE] , [ HOW ] , [ NOSM] , [ CYRCLE] , [ MR. JAGO] , [ AUGUSTINE KOFIE] , [ MAYA HAYUK] , [ PUSH] , [ DABS MYLA] , [ SAM FRIEDMAN] , [ MATT W. MOORE] , [ SANER] , [ INTERESNI KAZKI] , [ LOGAN HICKS] , [ LUCY MCLAUCHLAN] , [ REMI ROUGH] , [ VICTOR REYES] , [ GAIA] , [ WAIS] , [ ] , [ B.",10/11/2013,"1234 Library St, Detroit, MI 48226",,"Bedrock , Library Street Collective",,https://www.dropbox.com/s/67rkte9iqulkbx8/m0552.jpg?dl=0,
m0553,,"ADRIAN FALKNER] , [ TRISTAN EATON] , [ HENSE] , [ HOW ] , [ NOSM] , [ CYRCLE] , [ MR. JAGO] , [ AUGUSTINE KOFIE] , [ MAYA HAYUK] , [ PUSH] , [ DABS MYLA] , [ SAM FRIEDMAN] , [ MATT W. MOORE] , [ SANER] , [ INTERESNI KAZKI] , [ LOGAN HICKS] , [ LUCY MCLAUCHLAN] , [ REMI ROUGH] , [ VICTOR REYES] , [ GAIA] , [ WAIS] , [ ] , [ B.",10/11/2013,"1234 Library St, Detroit, MI 48226",,"Bedrock , Library Street Collective",,https://www.dropbox.com/s/42fd3eyif6skfcc/m0553.jpg?dl=0,
m0554,,"ADRIAN FALKNER] , [ TRISTAN EATON] , [ HENSE] , [ HOW ] , [ NOSM] , [ CYRCLE] , [ MR. JAGO] , [ AUGUSTINE KOFIE] , [ MAYA HAYUK] , [ PUSH] , [ DABS MYLA] , [ SAM FRIEDMAN] , [ MATT W. MOORE] , [ SANER] , [ INTERESNI KAZKI] , [ LOGAN HICKS] , [ LUCY MCLAUCHLAN] , [ REMI ROUGH] , [ VICTOR REYES] , [ GAIA] , [ WAIS] , [ ] , [ B.",10/11/2013,"1234 Library St, Detroit, MI 48226",,"Bedrock , Library Street Collective",,https://www.dropbox.com/s/rri5s6qwfrmed7n/m0554.jpg?dl=0,
m0555,,"ADRIAN FALKNER] , [ TRISTAN EATON] , [ HENSE] , [ HOW ] , [ NOSM] , [ CYRCLE] , [ MR. JAGO] , [ AUGUSTINE KOFIE] , [ MAYA HAYUK] , [ PUSH] , [ DABS MYLA] , [ SAM FRIEDMAN] , [ MATT W. MOORE] , [ SANER] , [ INTERESNI KAZKI] , [ LOGAN HICKS] , [ LUCY MCLAUCHLAN] , [ REMI ROUGH] , [ VICTOR REYES] , [ GAIA] , [ WAIS] , [ ] , [ B.",10/11/2013,"1234 Library St, Detroit, MI 48226",,"Bedrock , Library Street Collective",,https://www.dropbox.com/s/vjgoqk8q1qq33vw/m0555.jpg?dl=0,
m0556,,"ADRIAN FALKNER] , [ TRISTAN EATON] , [ HENSE] , [ HOW ] , [ NOSM] , [ CYRCLE] , [ MR. JAGO] , [ AUGUSTINE KOFIE] , [ MAYA HAYUK] , [ PUSH] , [ DABS MYLA] , [ SAM FRIEDMAN] , [ MATT W. MOORE] , [ SANER] , [ INTERESNI KAZKI] , [ LOGAN HICKS] , [ LUCY MCLAUCHLAN] , [ REMI ROUGH] , [ VICTOR REYES] , [ GAIA] , [ WAIS] , [ ] , [ B.",10/11/2013,"1234 Library St, Detroit, MI 48226",,"Bedrock , Library Street Collective",,https://www.dropbox.com/s/dlp1wfdyurvxmvi/m0556.jpg?dl=0,
m0557,,"ADRIAN FALKNER] , [ TRISTAN EATON] , [ HENSE] , [ HOW ] , [ NOSM] , [ CYRCLE] , [ MR. JAGO] , [ AUGUSTINE KOFIE] , [ MAYA HAYUK] , [ PUSH] , [ DABS MYLA] , [ SAM FRIEDMAN] , [ MATT W. MOORE] , [ SANER] , [ INTERESNI KAZKI] , [ LOGAN HICKS] , [ LUCY MCLAUCHLAN] , [ REMI ROUGH] , [ VICTOR REYES] , [ GAIA] , [ WAIS] , [ ] , [ B.",10/11/2013,"1234 Library St, Detroit, MI 48226",,"Bedrock , Library Street Collective",,https://www.dropbox.com/s/arhtr6eml3owduw/m0557.jpg?dl=0,
m0558,,"ADRIAN FALKNER] , [ TRISTAN EATON] , [ HENSE] , [ HOW ] , [ NOSM] , [ CYRCLE] , [ MR. JAGO] , [ AUGUSTINE KOFIE] , [ MAYA HAYUK] , [ PUSH] , [ DABS MYLA] , [ SAM FRIEDMAN] , [ MATT W. MOORE] , [ SANER] , [ INTERESNI KAZKI] , [ LOGAN HICKS] , [ LUCY MCLAUCHLAN] , [ REMI ROUGH] , [ VICTOR REYES] , [ GAIA] , [ WAIS] , [ ] , [ B.",10/11/2013,"1234 Library St, Detroit, MI 48226",,"Bedrock , Library Street Collective",,https://www.dropbox.com/s/69ykamvegek9rb5/m0558.jpg?dl=0,
m0559,,"ADRIAN FALKNER] , [ TRISTAN EATON] , [ HENSE] , [ HOW ] , [ NOSM] , [ CYRCLE] , [ MR. JAGO] , [ AUGUSTINE KOFIE] , [ MAYA HAYUK] , [ PUSH] , [ DABS MYLA] , [ SAM FRIEDMAN] , [ MATT W. MOORE] , [ SANER] , [ INTERESNI KAZKI] , [ LOGAN HICKS] , [ LUCY MCLAUCHLAN] , [ REMI ROUGH] , [ VICTOR REYES] , [ GAIA] , [ WAIS] , [ ] , [ B.",10/11/2013,"1234 Library St, Detroit, MI 48226",,"Bedrock , Library Street Collective",,https://www.dropbox.com/s/xrkvu0gzherkrwv/m0559.jpg?dl=0,
m0560,,"ADRIAN FALKNER] , [ TRISTAN EATON] , [ HENSE] , [ HOW ] , [ NOSM] , [ CYRCLE] , [ MR. JAGO] , [ AUGUSTINE KOFIE] , [ MAYA HAYUK] , [ PUSH] , [ DABS MYLA] , [ SAM FRIEDMAN] , [ MATT W. MOORE] , [ SANER] , [ INTERESNI KAZKI] , [ LOGAN HICKS] , [ LUCY MCLAUCHLAN] , [ REMI ROUGH] , [ VICTOR REYES] , [ GAIA] , [ WAIS] , [ ] , [ B.",10/11/2013,"1234 Library St, Detroit, MI 48226",,"Bedrock , Library Street Collective",,https://www.dropbox.com/s/iba2jwy15c5fcvm/m0560.jpg?dl=0,
m0561,,"ADRIAN FALKNER] , [ TRISTAN EATON] , [ HENSE] , [ HOW ] , [ NOSM] , [ CYRCLE] , [ MR. JAGO] , [ AUGUSTINE KOFIE] , [ MAYA HAYUK] , [ PUSH] , [ DABS MYLA] , [ SAM FRIEDMAN] , [ MATT W. MOORE] , [ SANER] , [ INTERESNI KAZKI] , [ LOGAN HICKS] , [ LUCY MCLAUCHLAN] , [ REMI ROUGH] , [ VICTOR REYES] , [ GAIA] , [ WAIS] , [ ] , [ B.",10/11/2013,"1234 Library St, Detroit, MI 48226",,"Bedrock , Library Street Collective",,https://www.dropbox.com/s/p6ii8y5wvs7qa6t/m0561.jpg?dl=0,
m0562,,"ADRIAN FALKNER] , [ TRISTAN EATON] , [ HENSE] , [ HOW ] , [ NOSM] , [ CYRCLE] , [ MR. JAGO] , [ AUGUSTINE KOFIE] , [ MAYA HAYUK] , [ PUSH] , [ DABS MYLA] , [ SAM FRIEDMAN] , [ MATT W. MOORE] , [ SANER] , [ INTERESNI KAZKI] , [ LOGAN HICKS] , [ LUCY MCLAUCHLAN] , [ REMI ROUGH] , [ VICTOR REYES] , [ GAIA] , [ WAIS] , [ ] , [ B.",10/11/2013,"1234 Library St, Detroit, MI 48226",,"Bedrock , Library Street Collective",,https://www.dropbox.com/s/rvq2dkpeg05obpq/m0562.jpg?dl=0,
m0563,,"ADRIAN FALKNER] , [ TRISTAN EATON] , [ HENSE] , [ HOW ] , [ NOSM] , [ CYRCLE] , [ MR. JAGO] , [ AUGUSTINE KOFIE] , [ MAYA HAYUK] , [ PUSH] , [ DABS MYLA] , [ SAM FRIEDMAN] , [ MATT W. MOORE] , [ SANER] , [ INTERESNI KAZKI] , [ LOGAN HICKS] , [ LUCY MCLAUCHLAN] , [ REMI ROUGH] , [ VICTOR REYES] , [ GAIA] , [ WAIS] , [ ] , [ B.",10/11/2013,"1234 Library St, Detroit, MI 48226",,"Bedrock , Library Street Collective",,https://www.dropbox.com/s/41nx5v44dqa4n9d/m0563.jpg?dl=0,
m0564,,"ADRIAN FALKNER] , [ TRISTAN EATON] , [ HENSE] , [ HOW ] , [ NOSM] , [ CYRCLE] , [ MR. JAGO] , [ AUGUSTINE KOFIE] , [ MAYA HAYUK] , [ PUSH] , [ DABS MYLA] , [ SAM FRIEDMAN] , [ MATT W. MOORE] , [ SANER] , [ INTERESNI KAZKI] , [ LOGAN HICKS] , [ LUCY MCLAUCHLAN] , [ REMI ROUGH] , [ VICTOR REYES] , [ GAIA] , [ WAIS] , [ ] , [ B.",10/11/2013,"1234 Library St, Detroit, MI 48226",,"Bedrock , Library Street Collective",,https://www.dropbox.com/s/toii7gbus8gul1i/m0564.jpg?dl=0,
m0565,,"ADRIAN FALKNER] , [ TRISTAN EATON] , [ HENSE] , [ HOW ] , [ NOSM] , [ CYRCLE] , [ MR. JAGO] , [ AUGUSTINE KOFIE] , [ MAYA HAYUK] , [ PUSH] , [ DABS MYLA] , [ SAM FRIEDMAN] , [ MATT W. MOORE] , [ SANER] , [ INTERESNI KAZKI] , [ LOGAN HICKS] , [ LUCY MCLAUCHLAN] , [ REMI ROUGH] , [ VICTOR REYES] , [ GAIA] , [ WAIS] , [ ] , [ B.",10/11/2013,"1234 Library St, Detroit, MI 48226",,"Bedrock , Library Street Collective",,https://www.dropbox.com/s/gzo36k79iif56ue/m0565.jpg?dl=0,
m0566,,"ADRIAN FALKNER] , [ TRISTAN EATON] , [ HENSE] , [ HOW ] , [ NOSM] , [ CYRCLE] , [ MR. JAGO] , [ AUGUSTINE KOFIE] , [ MAYA HAYUK] , [ PUSH] , [ DABS MYLA] , [ SAM FRIEDMAN] , [ MATT W. MOORE] , [ SANER] , [ INTERESNI KAZKI] , [ LOGAN HICKS] , [ LUCY MCLAUCHLAN] , [ REMI ROUGH] , [ VICTOR REYES] , [ GAIA] , [ WAIS] , [ ] , [ B.",10/11/2013,"1234 Library St, Detroit, MI 48226",,"Bedrock , Library Street Collective",,https://www.dropbox.com/s/uk2ttmmhflkb4m7/m0566.jpg?dl=0,
m0567,,"ADRIAN FALKNER] , [ TRISTAN EATON] , [ HENSE] , [ HOW ] , [ NOSM] , [ CYRCLE] , [ MR. JAGO] , [ AUGUSTINE KOFIE] , [ MAYA HAYUK] , [ PUSH] , [ DABS MYLA] , [ SAM FRIEDMAN] , [ MATT W. MOORE] , [ SANER] , [ INTERESNI KAZKI] , [ LOGAN HICKS] , [ LUCY MCLAUCHLAN] , [ REMI ROUGH] , [ VICTOR REYES] , [ GAIA] , [ WAIS] , [ ] , [ B.",10/11/2013,"1234 Library St, Detroit, MI 48226",,"Bedrock , Library Street Collective",,https://www.dropbox.com/s/j9pi4hyp2gs76h4/m0567.jpg?dl=0,
m0568,,"ADRIAN FALKNER] , [ TRISTAN EATON] , [ HENSE] , [ HOW ] , [ NOSM] , [ CYRCLE] , [ MR. JAGO] , [ AUGUSTINE KOFIE] , [ MAYA HAYUK] , [ PUSH] , [ DABS MYLA] , [ SAM FRIEDMAN] , [ MATT W. MOORE] , [ SANER] , [ INTERESNI KAZKI] , [ LOGAN HICKS] , [ LUCY MCLAUCHLAN] , [ REMI ROUGH] , [ VICTOR REYES] , [ GAIA] , [ WAIS] , [ ] , [ B.",10/11/2013,"1234 Library St, Detroit, MI 48226",,"Bedrock , Library Street Collective",,https://www.dropbox.com/s/20z9y05m15n5elv/m0568.jpg?dl=0,
m0569,,"ADRIAN FALKNER] , [ TRISTAN EATON] , [ HENSE] , [ HOW ] , [ NOSM] , [ CYRCLE] , [ MR. JAGO] , [ AUGUSTINE KOFIE] , [ MAYA HAYUK] , [ PUSH] , [ DABS MYLA] , [ SAM FRIEDMAN] , [ MATT W. MOORE] , [ SANER] , [ INTERESNI KAZKI] , [ LOGAN HICKS] , [ LUCY MCLAUCHLAN] , [ REMI ROUGH] , [ VICTOR REYES] , [ GAIA] , [ WAIS] , [ ] , [ B.",10/11/2013,"1234 Library St, Detroit, MI 48226",,"Bedrock , Library Street Collective",,https://www.dropbox.com/s/d3ccyl50origeez/m0569.jpg?dl=0,
m0571,,MINDFIELD,1/22/2013,"1234 Library St, Detroit, MI 48226",,,,https://www.dropbox.com/s/pjt4awknznlyfw3/m0571.jpg?dl=0,
m0572,,FAILE,11/22/2017,The Belt,,"Bedrock , Library Street Collective",5,https://www.dropbox.com/s/wv6kxzi3x3dgt4r/m0572.jpg?dl=0,"-83.046597, 42.334621"
m0573,,unknown,5/22/1987,People Mover Station #?,,,,https://www.dropbox.com/s/0l24fne70inl2y4/m0573_2.jpg?dl=0,
m0574,,unknown,5/22/1987,People Mover Station #?,,,,https://www.dropbox.com/s/rypnn446j2ye2px/m0574.jpg?dl=0,
m0575,,unknown,5/22/1987,People Mover Station #?,,,,https://www.dropbox.com/s/yrgbqdlrezmjud6/m0575.jpg?dl=0,
m0576,,unknown,1/22/2013,People Mover Station #?,,,,https://www.dropbox.com/s/avykwo6jcmwlwgp/m0576.jpg?dl=0,
m0577,,unknown,5/22/2014,"1010 Washington Blvd, Detroit, MI",,,,https://www.dropbox.com/s/92q3qa1agw0wsxg/m0577.jpg?dl=0,
m0578,,KELSEY MONTAGUE,10/22/2017,"1500 Woodward Avenue, Detroit, MI",,Woodward Original,5,https://www.dropbox.com/s/m4eihwsjkq6rk6p/m0578.jpg?dl=0,
m0579,,unknown,5/22/2016,"277 Gratiot Avenue, Detroit, MI",,,,https://www.dropbox.com/s/lusnte5n3qag0vp/m0579.jpg?dl=0,
m0580,,NIC NOTION,5/22/2016,"1352 Gratiot Avenue, Detroit, MI",,,,https://www.dropbox.com/s/twnkrwaqbpy6csb/m0580.jpg?dl=0,
m0581,,CHARLES MCGEE,8/13/1974,"234 West Larned, Detroit, MI",,"New Detroit, Inc.",,https://www.dropbox.com/s/zndm5fk763ge37b/m0581.jpg?dl=0,
m0582,,unknown,1/22/2013,"6348 Charlevoix Street, Detroit, MI",,,,https://www.dropbox.com/s/l0l858wbqke84aw/m0582.jpg?dl=0,
m0583,,SEAN MURPHY,10/22/2013,"11821 Hamilton Avenue, Highland Park, MI",,,,https://www.dropbox.com/s/5vfrnhgyvrepzl2/m0583.jpg?dl=0,
m0584,,JESSE NEUMANN,5/22/2015,"1815 Van Dyke St, Detroit, MI",,"Historic Realty Detroit, Detroit Flex Defense, Fisheye Farms, , West Village Neighborhood Association",,https://www.dropbox.com/s/4uhnddfda45tfz5/m0584.jpg?dl=0,
m0585,,ARLIN GRAFF,10/22/2017,"7952 Kercheval Ave, Detroit, MI",,,5,https://www.dropbox.com/s/6vibuvw407n2ubr/m0585.jpg?dl=0,
m0586,,"RYAN MCGINNESS ] , [ TONY HAWK",10/23/2017,"100 Monroe Ave, Detroit, MI",,Library Street Collective,5,https://www.dropbox.com/s/bepidy4kc7e45x5/m0586.jpg?dl=0,
m0587,,unknown,8/22/2012,"4731 East Grand River, Detroit, MI",,,,https://www.dropbox.com/s/vt16hyuskbisgg8/m0587.jpg?dl=0,
m0588,,unknown,8/22/2012,"4739 East Grand River, Detroit, MI",,,,https://www.dropbox.com/s/9r70igs0k09q2ix/m0588.jpg?dl=0,
m0589,,unknown,8/22/2012,"4740 East Grand River, Detroit, MI",,,,https://www.dropbox.com/s/sh5fk0d0ifnl2n6/m0589.jpg?dl=0,
m0590,,unknown,8/22/2012,"4741 East Grand River, Detroit, MI",,,,https://www.dropbox.com/s/7pvdk2tecaf4zor/m0590.jpg?dl=0,
m0591,,unknown,8/22/2012,"4742 East Grand River, Detroit, MI",,,,https://www.dropbox.com/s/erzz295bu2co3o5/m0591.jpg?dl=0,
m0592,,unknown,8/22/2012,"4743 East Grand River, Detroit, MI",,,,https://www.dropbox.com/s/ukryc060uq3k0po/m0592.jpg?dl=0,
m0593,,unknown,8/22/2012,"4744 East Grand River, Detroit, MI",,,,https://www.dropbox.com/s/e7rhyfk454tt8hs/m0593.jpg?dl=0,
m0594,,unknown,8/22/2012,"4745 East Grand River, Detroit, MI",,,,https://www.dropbox.com/s/ulpqg8j76lgdrk2/m0594.jpg?dl=0,
m0595,,unknown,8/22/2012,"4746 East Grand River, Detroit, MI",,,,https://www.dropbox.com/s/miyi7ak1zhdm36b/m0595.jpg?dl=0,
m0596,,unknown,8/22/2012,"4747 East Grand River, Detroit, MI",,,,,
m0597,REFLECTOR,"BECKY NIX ] , [ OLEK ZEMPLINSKI",7/22/2015,"6300 Cass Ave, Detroit, MI","""Our proposal, Reflector, provides a gateway, an in-between, and a visually interactive experience as one moves through the viaduct. We approach the project as a means to capture and reflect the light from those who offer it up to the viaduct. For those passing through, perhaps that provides a moment of thought, intrigue, contemplation, or simply an interesting place to move through or between."" - Artist Statement","Midtown Detroit Inc., the New Economy Initiative and the John S. and James L. Knight Foundation",,"https://www.dropbox.com/s/ixww581vm2fwzoc/m0597_2.jpg?dl=0, https://www.dropbox.com/s/l5smr2svdyeg2wa/m0597.jpg?dl=0",
m0598,,unknown,1/22/2013,"6530 Beauben, Detroit, MI",,,,https://www.dropbox.com/s/i30vdqexoi06rgh/m0598.jpg?dl=0,
m0599,,SINTEX,1/22/2014,"2909 East Grand Boulevard, Detroit, MI",,,,https://www.dropbox.com/s/3eh554bvg856p42/m0599.jpg?dl=0,
m0600,,unknown,1/16/2013,"327 East Baltimore Street, Detroit, MI",,,,https://www.dropbox.com/s/zvl0psmfkzw24ji/m0600.jpg?dl=0,
m0601,,unknown,1/15/2013,"8401 Trinity Street, Detroit, MI",,,7,https://www.dropbox.com/s/xylqjkw3rqo1rds/m0601.jpg?dl=0,
m0602,,unknown,12/13/2013,"18628 West Warren Ave, Detroit, MI",,,7,https://www.dropbox.com/s/zeww5ybx26hdrqq/m602.jpg?dl=0,
m0603,,unknown,12/15/2013,"16401 Chicago Street, Detroit, MI",,,7,https://www.dropbox.com/s/hfaxn0lr6r4u90p/m0603.jpg?dl=0,
m0604,,"HOW ] , [ NOSM ] , [ SHEPARD FAIREY",9/15/2016,"1 Campus Martius, Detroit, MI","How and NOSM (left, 2015) Shepard Fairey (right, 2016)","Bedrock , Library Street Collective",,https://www.dropbox.com/s/rh7gsr2k1twvcjr/m0604.jpg?dl=0,
m0605,,SHADIA,8/3/2016,"19601 Crusade Street, Detroit, MI","For the last few months I've been volunteering with Life Remodeled to help beautify the Denby Neighborhood of Detroit. I worked community members and Life Remodeled staff to identify a location for the mural, and then came up with a design to fill the space. Yesterday, we completed the project and I'm so happy to say it was a huge success. This 100'x5' mural at Heilmann Recreation Center was created through the hard work of so many volunteers!!! I am grateful for the amazing help from some hardworking teens who volunteered alongside me to make this project happen. Thanks to Kush Paint Co. for donating the paint, and to Life Remodeled for organizing the event.""",Life Remodeled,3,https://www.dropbox.com/s/gz1iad191reru1r/m0605.jpg?dl=0,
m0606,,SYDNEY G. JAMES,5/26/2018,"314 East Baltimore Ave, Detroit MI",,,5,https://www.dropbox.com/s/0ml6ne5bukyhq09/m0606.jpg?dl=0,
m0607,,unknown,1/28/2013,"78 Watson Street, Detroit, MI",,,,https://www.dropbox.com/s/gszl5ffymovs9v0/m0607.jpg?dl=0,
m0609,,"SYDNEY BRACK ] , [ SAM ALBAUGH",9/30/2017,"5233 Trumbull Street, Detroit, MI",,,5,https://www.dropbox.com/s/spv60a4aq0ag8ay/m0609.jpg?dl=0,
m0610,,WC BEVAN,9/1/2015,"5927 Lincoln St, Detroit, MI 48208",,,,https://www.dropbox.com/s/mjh3pj8fj128uvz/m0610.jpg?dl=0,
m0611,,"WC BEVAN] , [ BIRDCAP] , [ ] , [ NOSEY42",9/1/2015,"2931 Grand Blvd, Detroit, MI",,"Playground Detroit , The Detroit Grass Station",,https://www.dropbox.com/s/jls73kxz1650mvw/m0611.jpg?dl=0,
m0612,,"WC BEVAN] , [ BIRDCAP] , [ ] , [ NOSEY42",9/28/2015,"2930 Grand Blvd, Detroit, MI",,"Playground Detroit , The Detroit Grass Station",,https://www.dropbox.com/s/yegx1vloem3gffr/m0612.jpg?dl=0,
m0613,,KEVIN JOY,9/28/2017,"511 West Canfield Street, Detroit, MI",,,5,https://www.dropbox.com/s/vm2g3p690tb41uz/m0613.jpg?dl=0,
m0614,,BEVERLY FISHMAN,6/12/2018,"1431 Washington Blvd, Detroit, MI",Painted by Midtown Sign Company,Library Street Collective,5,https://www.dropbox.com/s/bfaui89y12z7312/m0614.jpg?dl=0,
m0615,,JAKE DWYER,6/12/2018,"3714 Trumbull Street, Detroit, MI",,,6,https://www.dropbox.com/s/jsgomaj2botjd30/m0615.jpg?dl=0,
m0616,,ANNA MUCCIOLI,8/13/2011,"441 Larned St, Detroit, MI",,,,https://www.dropbox.com/s/ngv4heo302ah87w/m0616.jpg?dl=0,
m0617,,JULIEN DE CASABIANCA,6/12/2018,"8357 Woodward Ave, Detroit, MI",,,6,https://www.dropbox.com/s/65lfnzp8yudf0no/m0617.jpg?dl=0,
m0618,,JULIEN DE CASABIANCA,6/12/2018,"8359 Woodward Ave, Detroit, MI",,,6,https://www.dropbox.com/s/vpdvuii384qdo8h/m0618.jpg?dl=0,
m0619,,MICHELLE TANGUAY,6/12/2018,"4475 2nd Ave, Detroit, MI",,,5,https://www.dropbox.com/s/chnwexna4jbd6nr/m0619.jpg?dl=0,
m0620,,PHIL SIMPSON,6/12/2018,"6060 John R Street, Detroit, MI",,,5,https://www.dropbox.com/s/iss2ubny67ypxbl/m0620.jpg?dl=0,
m0621,,PHYBR,6/12/2018,"431 E Congress St, Detroit, MI",,,5,https://www.dropbox.com/s/6f321x6hbg3xmql/m0621.jpg?dl=0,
m0622,,BUNNIE REISS,6/12/2018,"1457 Griswold St, Detroit, MI",,,5,"https://www.dropbox.com/s/id7piop4xuuzkui/m0622_2.jpg?dl=0, https://www.dropbox.com/s/ti66p8tcgf3q5p9/m0622.jpg?dl=0",
m0623,,NATE OTTO,6/12/2018,"3546 Michigan Avenue, Detroit, MI",,,6,https://www.dropbox.com/s/3jvzoo0sf53lh0x/m0623.jpg?dl=0,
m0624,,GHOST BEARD,6/13/2018,"4845 Fort Street, Detroit, MI",,,6,https://www.dropbox.com/s/xig90d3w5kg6eg1/m0624.jpg?dl=0,
m0625,,PATCH WHISKY,6/13/2018,"4847 Fort Street, Detroit, MI",,,6,https://www.dropbox.com/s/2isc26q3vxyi3ah/m0625.jpg?dl=0,
m0626,,"DOYLE ] , [ DETROIT SIGN PAINTERS",1/13/2013,"2628 Orleans Street, Detroit, MI",,,,https://www.dropbox.com/s/6vb8mgpyytlwm4d/m0626.jpg?dl=0,
m0627,,AYRZ,8/15/2015,"1413 Farmer Street, Detroit, MI",,Library Street Collective,,https://www.dropbox.com/s/kqeb7by55adnjlf/m0627.jpg?dl=0,
m0628,,unknown,1/15/2013,"4447 Avery Street, Detroit, MI",,,,https://www.dropbox.com/s/9u5jpgbmp4ysgae/m0628.jpg?dl=0,
m0629,,RENSONE,10/15/2017,"15111 Livernois Avenue, Detroit, MI",,,7,https://www.dropbox.com/s/1ls691wf9g9urxa/m0629.jpg?dl=0,
m0630,,C KANE,6/15/2017,"1456 Shipherd Street, Detroit, MI",,,,https://www.dropbox.com/s/epc1cxh9jy8oio4/m0630.jpg?dl=0,
m0631,,PAOLO PEDINI,11/17/2014,"4738 East Grand River, Detroit, MI",,4732 Gallery,,https://www.dropbox.com/s/rmf0usf00q3yz4b/m0631.jpg?dl=0,
m0632,,CYDNI ELLEDGE,6/15/2017,"5000 Grand River Avenue, Detroit, MI","Cydni Elledge’s Portraits of Black Youth, Ages 9 – 22 aims to break down stereotypes of her peers. She says, “This portrait series represents truth. The truth that black men are far more than what the world portrays them to be. I began creating this series so everyone can see what I see, what God created them to be.”",,,https://www.dropbox.com/s/x6d9ferdelnaqy1/m0632.jpg?dl=0,
m0633,,WILLIE WAYNE SMITH,11/15/2017,"35 East Grand River, Detroit, MI",,Library Street Collective,5,https://www.dropbox.com/s/rkgryqwmvxscocg/m0633.jpg?dl=0,
m0634,,unknown,6/23/2013,"1022 East Wyandotte Street, Windsor, ON",,,,https://www.dropbox.com/s/d5zslbk4o5xfd4v/m0634.jpg?dl=0,
m0639,,NYCHOS,6/23/2013,"550 Pelisser Street, Windsor, ON",,,,https://www.dropbox.com/s/7r9geod8x9btovf/m0639.jpg?dl=0,
m0642,,PENDING,8/18/2017,"316 East Baltimore Ave, Detroit MI",,The Baltimore Gallery,,https://www.dropbox.com/s/j9nieqdj8vpcf2z/m0642.jpg?dl=0,
m0643,,PENDING,8/18/2017,"317 East Baltimore Ave, Detroit MI",,The Baltimore Gallery,,https://www.dropbox.com/s/yexckyansy2gk12/m0643.jpg?dl=0,
m0671,,BERNAL PEREZ,6/27/2018,"6600 West Vernor Highway, Detroit, MI",,,6,https://www.dropbox.com/s/ibaqw43ponsi50o/m0671.jpg?dl=0,
m0682,,TYLONN J. SAWYER,7/12/2018,"1550 Taylor Street, Detroit, MI",,,5,"https://www.dropbox.com/s/xczheupz9ga22x5/m0682_2.jpg?dl=0, https://www.dropbox.com/s/ipv5c70wjco6hb8/m0682.jpg?dl=0",
m0686,,"MICHAEL BURDICK ] , [ KELLY GOLDEN",6/27/2018,"10125 East Jefferson, Detroit, MI",,Pewabic Pottery,5,https://www.dropbox.com/s/vldng2acvlf1fo1/m0686.jpg?dl=0,
m0687,,NDUBISI OKOYE,7/12/2018,"7900 Mack Avenue, Detroit, MI",,The Commons,5,https://www.dropbox.com/s/feexovvlmsn0kfj/m0687.jpg?dl=0,
m0688,,SUMMER IN THE CITY,6/27/2016,"10500 Lyndon Street, Detroit, MI",,,2,https://www.dropbox.com/s/hj3gnrg4rpqsdic/m0688.jpg?dl=0,
m0689,,LAURA FINLAY,7/12/2018,"4126 Third Avenue, Detroit, MI",,Education Is Not Crime,5,https://www.dropbox.com/s/22ayu4ms0yf0rh2/m0689.jpg?dl=0,
m0690,,FFTY,7/12/2018,"8801 Oakland Avenue, Detroit, MI",,,5,https://www.dropbox.com/s/s32n47h6xcag36t/m0690.jpg?dl=0,
m0691,,PAT PERRY,7/12/2018,"2935 Russell Street, Detroit, MI",,,5,https://www.dropbox.com/s/c37jnxi98qpzotf/m0691.jpg?dl=0,
m0693,,LEDANIA,7/21/2018,"2605 Newark Street, Detroit, MI",,,6,https://www.dropbox.com/s/07dvgzxx9883w4e/m0693.jpg?dl=0,
m0694,,TONY WHLGN,7/21/2018,"19031 Grand River Ave, Detroit, MI",,,1,https://www.dropbox.com/s/qnwoamwem148069/m0694.jpg?dl=0,
m0695,,SUMMER IN THE CITY,7/21/2018,"19031 West 7 Mile Road, Detroit, MI",,,2,https://www.dropbox.com/s/fq9ixhyhew6bqgg/m0695.jpg?dl=0,
m0696,,"BEN HESSKAMP] , [ ALAN THOMAS] , [ ] , [ TEO BRANT",7/24/2018,"5432 Michigan Avenue, Detroit, MI",,,6,https://www.dropbox.com/s/5q4nxybjbpr8inf/m0696.jpg?dl=0,
m0699,,"WC BEVAN ] , [ UNKNOWN",9/1/2017,"5928 Lincoln St, Detroit, MI 48208",,Lincoln Street Art Park,,https://www.dropbox.com/s/3ptdlfayh3g7p5s/m0699.jpg?dl=0,
m0674,,PAT PERRY,9/11/2018,"2605 Newark Street, Detroit, MI",,,,https://www.dropbox.com/s/escm0lbcctaphb9/m0674.jpg?dl=0,